Crop,Stage,N (kg/ha),P (kg/ha),K (kg/ha),pH,Organic_Carbon,Temp (°C),Rainfall (mm),Soil_Type,Fertilizer_Recommendation,Urea,DAP,MOP,SSP,Compost
Mustard,Flowering,12,36,18,6.6,0.65,27,80,Clay Loam,54kg Urea/acre,54,0,0,0,0
Mustard,Vegetative,76,16,12,7.9,0.73,27,110,Clay Loam,35kg Urea/acre,35,0,0,0,0
Rice,Sowing,59,16,45,7.5,0.41,25,13,Clay Loam,24kg MOP/acre,0,0,24,0,0
Wheat,Tillering,68,8,43,7.2,0.85,27,49,Alluvial,42kg DAP + 59kg MOP + 30kg Urea/acre,30,42,59,0,0
Rice,Flowering,56,21,17,7.7,0.47,29,20,Black Soil,31kg Urea/acre,31,0,0,0,0
Mustard,Flowering,27,23,25,6.9,1.03,19,75,Alluvial,39kg Urea/acre,39,0,0,0,0
Wheat,Flowering,50,43,6,7.3,1.3,26,83,Loamy,43kg Urea + 48kg DAP/acre,43,48,0,0,0
Rice,Sowing,33,39,35,6.1,0.73,23,85,Loamy,42kg MOP/acre,0,0,42,0,0
Cotton,Vegetative,62,21,9,5.6,0.4,25,21,Black Soil,20kg Urea/acre,20,0,0,0,0
Maize,Grain Fill,76,11,10,7.2,0.74,28,28,Clay Loam,30kg Urea + 52kg MOP + 60kg SSP/acre,30,0,52,60,0
Rice,Flowering,10,13,39,5.7,1.28,30,116,Sandy Loam,49kg DAP + 29kg Urea/acre,29,49,0,0,0
Rice,Flowering,21,37,42,6.5,1.3,35,75,Sandy Loam,26kg Urea + 21kg DAP + 40kg MOP/acre,26,21,40,0,0
Maize,Grain Fill,62,44,25,6.6,0.32,19,21,Sandy Loam,38kg Urea + 27kg SSP + 52kg MOP/acre,38,0,52,27,0
Rice,Vegetative,56,16,6,5.7,0.97,34,13,Alluvial,50kg Urea + 50kg MOP + 48kg DAP/acre,50,48,50,0,0
Cotton,Flowering,58,7,37,6.7,0.32,29,28,Sandy Loam,27kg DAP + 41kg Urea/acre,41,27,0,0,0
Mustard,Vegetative,44,9,30,7.1,0.65,30,58,Loamy,34kg SSP/acre,0,0,0,34,0
Maize,Grain Fill,20,10,44,7.0,0.79,18,6,Black Soil,53kg SSP + 22kg MOP/acre,0,0,22,53,0
Maize,Flowering,70,46,42,7.8,1.45,20,93,Sandy Loam,23kg Urea + 57kg SSP + 27kg MOP/acre,23,0,27,57,0
Cotton,Flowering,26,11,19,6.5,1.06,37,115,Clay Loam,53kg Urea/acre,53,0,0,0,0
Rice,Grain Fill,71,20,34,7.7,1.39,35,95,Loamy,35kg Urea/acre,35,0,0,0,0
Cotton,Flowering,25,36,24,6.5,0.58,19,63,Black Soil,60kg Urea + 52kg DAP + 58kg MOP/acre,60,52,58,0,0
Rice,Sowing,47,47,21,6.1,1.47,26,87,Alluvial,44kg Urea/acre,44,0,0,0,0
Mustard,Sowing,51,22,23,6.4,1.3,30,67,Black Soil,46kg Urea/acre,46,0,0,0,0
Maize,Vegetative,66,20,11,6.0,0.34,29,21,Black Soil,35kg Urea + 58kg MOP + 56kg SSP/acre,35,0,58,56,0
Rice,Vegetative,17,44,31,7.8,1.14,18,62,Alluvial,42kg MOP + 27kg Urea + 49kg DAP/acre,27,49,42,0,0
Cotton,Boll Formation,69,7,49,6.7,0.97,26,90,Sandy Loam,49kg MOP/acre,0,0,49,0,0
Maize,Vegetative,40,16,29,7.1,0.5,33,28,Alluvial,50kg SSP + 35kg MOP + 20kg Urea/acre,20,0,35,50,0
Wheat,Sowing,27,25,26,5.6,1.17,28,67,Sandy Loam,40kg DAP + 51kg Urea + 23kg MOP/acre,51,40,23,0,0
Maize,Flowering,19,41,38,7.7,1.2,37,110,Sandy Loam,59kg SSP + 29kg Urea/acre,29,0,0,59,0
Wheat,Tillering,13,10,18,7.5,0.61,37,89,Alluvial,49kg DAP + 32kg MOP + 53kg Urea/acre,53,49,32,0,0
Mustard,Sowing,69,13,47,5.6,1.17,24,26,Sandy Loam,48kg Urea/acre,48,0,0,0,0
Maize,Grain Fill,72,45,33,6.6,1.0,32,100,Clay Loam,27kg Urea + 45kg SSP + 35kg MOP/acre,27,0,35,45,0
Mustard,Sowing,40,22,15,7.3,1.32,32,101,Loamy,30kg SSP + 26kg Urea/acre,26,0,0,30,0
Rice,Sowing,80,9,39,5.5,1.02,22,117,Loamy,41kg Urea + 54kg MOP + 37kg DAP/acre,41,37,54,0,0
Rice,Vegetative,16,40,48,5.5,1.1,22,28,Alluvial,23kg Urea + 38kg MOP + 22kg DAP/acre,23,22,38,0,0
Cotton,Sowing,59,7,28,6.4,1.15,28,17,Sandy Loam,21kg MOP/acre,0,0,21,0,0
Mustard,Sowing,73,19,29,6.6,0.66,30,97,Black Soil,30kg SSP + 38kg Urea/acre,38,0,0,30,0
Mustard,Flowering,77,22,36,7.8,0.98,37,90,Clay Loam,34kg SSP/acre,0,0,0,34,0
Cotton,Flowering,65,41,18,7.2,0.98,29,61,Loamy,57kg Urea + 52kg MOP + 39kg DAP/acre,57,39,52,0,0
Rice,Flowering,31,46,14,7.5,0.65,30,94,Black Soil,59kg MOP + 57kg DAP + 40kg Urea/acre,40,57,59,0,0
Mustard,Sowing,31,43,8,6.5,0.7,20,42,Sandy Loam,37kg Urea + 42kg SSP/acre,37,0,0,42,0
Mustard,Flowering,36,8,24,6.3,0.34,27,98,Alluvial,60kg SSP/acre,0,0,0,60,0
Wheat,Tillering,65,47,38,6.2,1.22,32,84,Loamy,21kg DAP/acre,0,21,0,0,0
Cotton,Sowing,26,32,5,7.0,1.05,23,42,Clay Loam,60kg Urea + 47kg MOP + 50kg DAP/acre,60,50,47,0,0
Rice,Sowing,65,50,27,5.6,0.79,33,99,Clay Loam,45kg Urea + 44kg MOP/acre,45,0,44,0,0
Maize,Flowering,16,31,15,5.9,1.43,30,108,Clay Loam,34kg SSP + 26kg Urea + 50kg MOP/acre,26,0,50,34,0
Rice,Grain Fill,68,24,39,7.5,1.44,20,118,Clay Loam,23kg MOP + 32kg DAP/acre,0,32,23,0,0
Maize,Sowing,74,33,23,6.0,0.89,31,26,Black Soil,35kg SSP + 21kg Urea + 39kg MOP/acre,21,0,39,35,0
Cotton,Flowering,41,6,42,5.9,1.01,36,47,Clay Loam,36kg DAP + 46kg MOP + 50kg Urea/acre,50,36,46,0,0
Cotton,Flowering,58,28,15,7.6,0.78,19,62,Black Soil,52kg MOP + 45kg Urea + 59kg DAP/acre,45,59,52,0,0
Cotton,Boll Formation,28,43,7,7.0,0.57,37,111,Sandy Loam,51kg Urea/acre,51,0,0,0,0
Rice,Sowing,17,30,16,7.3,1.13,19,71,Clay Loam,29kg Urea + 22kg DAP/acre,29,22,0,0,0
Rice,Grain Fill,24,5,29,7.2,0.73,20,106,Sandy Loam,54kg MOP/acre,0,0,54,0,0
Mustard,Flowering,16,16,20,6.6,0.69,28,92,Black Soil,44kg Urea + 28kg SSP/acre,44,0,0,28,0
Mustard,Flowering,57,10,35,5.7,1.09,23,110,Alluvial,38kg Urea + 49kg SSP/acre,38,0,0,49,0
Cotton,Flowering,28,43,35,7.4,0.75,19,36,Clay Loam,29kg DAP + 51kg Urea + 45kg MOP/acre,51,29,45,0,0
Wheat,Tillering,22,26,45,6.5,1.17,33,98,Alluvial,31kg MOP + 31kg Urea + 20kg DAP/acre,31,20,31,0,0
Rice,Grain Fill,71,36,15,8.0,0.35,29,102,Black Soil,53kg MOP + 35kg DAP/acre,0,35,53,0,0
Rice,Sowing,57,46,32,7.9,0.52,20,112,Sandy Loam,47kg DAP/acre,0,47,0,0,0
Wheat,Tillering,47,46,10,5.5,0.68,33,0,Sandy Loam,53kg MOP + 39kg DAP/acre,0,39,53,0,0
Wheat,Flowering,61,36,41,6.1,0.57,28,45,Clay Loam,47kg MOP + 59kg Urea/acre,59,0,47,0,0
Maize,Vegetative,39,31,32,5.7,0.51,21,117,Loamy,33kg SSP + 53kg Urea/acre,53,0,0,33,0
Cotton,Sowing,73,36,31,7.6,0.32,22,112,Clay Loam,47kg DAP + 34kg Urea/acre,34,47,0,0,0
Mustard,Sowing,66,27,35,6.3,0.99,21,117,Clay Loam,52kg Urea/acre,52,0,0,0,0
Maize,Sowing,71,49,27,6.0,1.1,18,39,Sandy Loam,59kg SSP + 54kg MOP/acre,0,0,54,59,0
Cotton,Vegetative,79,24,33,6.4,0.66,37,82,Sandy Loam,50kg Urea/acre,50,0,0,0,0
Wheat,Tillering,14,33,24,6.2,1.43,29,114,Loamy,55kg DAP + 22kg Urea/acre,22,55,0,0,0
Mustard,Flowering,79,41,16,6.3,1.34,26,0,Loamy,22kg SSP + 38kg Urea/acre,38,0,0,22,0
Rice,Sowing,30,14,37,7.0,0.36,29,0,Loamy,21kg DAP + 36kg Urea + 54kg MOP/acre,36,21,54,0,0
Rice,Vegetative,54,32,42,6.1,1.02,36,6,Sandy Loam,23kg MOP + 57kg Urea + 55kg DAP/acre,57,55,23,0,0
Maize,Flowering,57,41,10,7.5,0.7,19,96,Black Soil,33kg SSP + 28kg Urea/acre,28,0,0,33,0
Mustard,Sowing,43,44,47,6.9,0.59,35,2,Sandy Loam,54kg SSP/acre,0,0,0,54,0
Cotton,Vegetative,34,36,6,5.5,1.21,24,49,Alluvial,50kg MOP + 37kg DAP + 58kg Urea/acre,58,37,50,0,0
Mustard,Flowering,67,28,8,7.5,0.65,33,13,Loamy,54kg SSP/acre,0,0,0,54,0
Cotton,Sowing,33,47,30,6.1,0.61,29,85,Sandy Loam,43kg DAP/acre,0,43,0,0,0
Mustard,Flowering,13,28,40,6.8,1.0,24,15,Loamy,29kg Urea/acre,29,0,0,0,0
Rice,Grain Fill,18,16,26,7.4,0.48,29,1,Sandy Loam,36kg DAP + 54kg Urea/acre,54,36,0,0,0
Cotton,Sowing,33,41,7,7.2,0.54,18,54,Clay Loam,40kg Urea + 45kg MOP + 56kg DAP/acre,40,56,45,0,0
Rice,Flowering,64,44,6,7.5,1.25,36,2,Clay Loam,25kg MOP + 21kg Urea + 43kg DAP/acre,21,43,25,0,0
Rice,Vegetative,53,11,21,6.1,0.57,34,17,Sandy Loam,56kg Urea/acre,56,0,0,0,0
Wheat,Sowing,42,25,9,7.7,1.16,34,100,Loamy,39kg Urea + 36kg MOP + 45kg DAP/acre,39,45,36,0,0
Wheat,Sowing,35,25,6,6.3,0.87,18,88,Sandy Loam,35kg Urea + 41kg MOP + 60kg DAP/acre,35,60,41,0,0
Cotton,Sowing,27,41,41,7.5,0.55,23,101,Black Soil,31kg MOP + 31kg DAP/acre,0,31,31,0,0
Mustard,Vegetative,39,5,17,6.6,1.22,27,74,Black Soil,28kg SSP + 33kg Urea/acre,33,0,0,28,0
Rice,Grain Fill,15,22,35,6.5,1.31,18,117,Sandy Loam,56kg DAP + 33kg MOP/acre,0,56,33,0,0
Mustard,Sowing,30,8,45,6.0,1.25,26,25,Alluvial,21kg SSP/acre,0,0,0,21,0
Rice,Grain Fill,59,16,40,6.0,0.89,34,42,Sandy Loam,48kg DAP + 51kg MOP + 54kg Urea/acre,54,48,51,0,0
Maize,Flowering,48,29,43,6.3,0.3,21,105,Alluvial,47kg MOP/acre,0,0,47,0,0
Mustard,Flowering,73,43,45,6.3,1.4,22,48,Loamy,57kg SSP/acre,0,0,0,57,0
Rice,Vegetative,28,31,26,7.6,1.17,24,64,Alluvial,28kg MOP + 38kg DAP + 30kg Urea/acre,30,38,28,0,0
Rice,Flowering,10,47,37,6.4,1.04,24,69,Sandy Loam,24kg Urea + 22kg MOP/acre,24,0,22,0,0
Maize,Grain Fill,41,38,46,6.7,0.53,24,13,Black Soil,33kg Urea + 30kg SSP + 37kg MOP/acre,33,0,37,30,0
Wheat,Flowering,31,31,49,7.2,1.47,33,50,Black Soil,29kg DAP + 54kg Urea + 51kg MOP/acre,54,29,51,0,0
Maize,Sowing,15,45,28,6.0,0.57,22,22,Clay Loam,38kg Urea + 44kg SSP + 57kg MOP/acre,38,0,57,44,0
Mustard,Vegetative,74,16,21,7.7,0.97,28,1,Alluvial,60kg Urea + 47kg SSP/acre,60,0,0,47,0
Cotton,Sowing,74,37,12,7.7,0.55,25,118,Clay Loam,22kg MOP/acre,0,0,22,0,0
Cotton,Sowing,29,5,38,6.7,0.5,24,14,Black Soil,49kg Urea + 54kg DAP + 46kg MOP/acre,49,54,46,0,0
Rice,Sowing,45,29,45,7.2,0.73,19,118,Black Soil,60kg MOP/acre,0,0,60,0,0
Maize,Flowering,25,25,24,6.3,1.46,36,12,Black Soil,23kg Urea + 35kg MOP + 33kg SSP/acre,23,0,35,33,0
Wheat,Sowing,39,12,11,6.8,0.78,31,25,Clay Loam,39kg DAP/acre,0,39,0,0,0
Wheat,Grain Fill,58,22,16,5.7,0.87,29,82,Sandy Loam,45kg MOP/acre,0,0,45,0,0
Maize,Vegetative,43,21,36,7.1,0.67,26,28,Loamy,44kg MOP + 20kg SSP + 28kg Urea/acre,28,0,44,20,0
Maize,Flowering,42,26,40,5.8,1.06,36,99,Alluvial,53kg SSP/acre,0,0,0,53,0
Maize,Sowing,21,17,36,6.5,0.3,38,91,Alluvial,50kg Urea + 40kg MOP + 26kg SSP/acre,50,0,40,26,0
Wheat,Tillering,21,5,49,6.3,0.35,18,60,Black Soil,42kg DAP/acre,0,42,0,0,0
Maize,Grain Fill,25,19,20,7.8,0.97,37,18,Loamy,49kg SSP + 57kg MOP/acre,0,0,57,49,0
Rice,Flowering,16,21,32,5.8,1.02,18,42,Sandy Loam,30kg Urea + 55kg DAP + 48kg MOP/acre,30,55,48,0,0
Rice,Flowering,21,6,43,6.8,0.78,22,28,Clay Loam,25kg Urea + 50kg DAP + 36kg MOP/acre,25,50,36,0,0
Mustard,Vegetative,47,27,39,7.9,0.5,21,3,Alluvial,50kg SSP + 21kg Urea/acre,21,0,0,50,0
Rice,Flowering,59,10,16,6.8,0.63,23,50,Black Soil,43kg DAP/acre,0,43,0,0,0
Cotton,Flowering,68,26,33,7.0,0.95,35,5,Black Soil,23kg MOP + 21kg Urea + 30kg DAP/acre,21,30,23,0,0
Rice,Flowering,67,49,50,8.0,1.17,18,84,Black Soil,36kg DAP/acre,0,36,0,0,0
Wheat,Sowing,24,19,32,7.3,1.39,32,27,Alluvial,42kg DAP + 58kg MOP/acre,0,42,58,0,0
Cotton,Boll Formation,27,32,16,6.0,1.22,38,49,Alluvial,25kg MOP + 60kg Urea/acre,60,0,25,0,0
Maize,Sowing,72,15,12,5.8,0.71,38,23,Clay Loam,22kg MOP + 32kg SSP/acre,0,0,22,32,0
Cotton,Vegetative,57,44,48,6.2,0.78,25,25,Black Soil,23kg Urea/acre,23,0,0,0,0
Rice,Flowering,29,27,29,6.3,1.14,35,16,Sandy Loam,60kg MOP + 52kg Urea + 21kg DAP/acre,52,21,60,0,0
Mustard,Vegetative,43,39,18,5.6,1.15,24,101,Loamy,46kg SSP + 48kg Urea/acre,48,0,0,46,0
Cotton,Sowing,22,19,5,7.1,1.46,34,45,Black Soil,57kg Urea + 56kg DAP + 34kg MOP/acre,57,56,34,0,0
Maize,Vegetative,71,6,20,6.7,0.46,30,36,Black Soil,29kg MOP/acre,0,0,29,0,0
Mustard,Sowing,70,31,49,6.5,0.67,28,22,Sandy Loam,36kg Urea + 29kg SSP/acre,36,0,0,29,0
Maize,Vegetative,32,5,13,6.6,1.31,22,59,Alluvial,26kg MOP + 41kg Urea/acre,41,0,26,0,0
Mustard,Flowering,39,33,40,6.0,1.04,38,41,Sandy Loam,30kg SSP/acre,0,0,0,30,0
Wheat,Tillering,74,25,40,5.7,0.31,28,120,Alluvial,21kg MOP/acre,0,0,21,0,0
Maize,Grain Fill,60,23,29,7.2,1.26,33,98,Sandy Loam,22kg Urea/acre,22,0,0,0,0
Wheat,Tillering,41,35,7,7.2,0.67,21,21,Black Soil,50kg Urea + 20kg DAP + 48kg MOP/acre,50,20,48,0,0
Rice,Sowing,27,37,11,5.8,1.26,32,32,Clay Loam,46kg DAP/acre,0,46,0,0,0
Maize,Flowering,80,33,17,5.6,0.35,29,22,Clay Loam,55kg MOP + 58kg SSP + 22kg Urea/acre,22,0,55,58,0
Maize,Vegetative,35,36,8,5.8,1.17,19,32,Loamy,31kg Urea/acre,31,0,0,0,0
Maize,Flowering,32,35,44,6.3,0.76,33,5,Black Soil,44kg MOP + 29kg SSP/acre,0,0,44,29,0
Wheat,Grain Fill,34,23,12,5.6,0.77,29,18,Sandy Loam,21kg DAP + 53kg Urea/acre,53,21,0,0,0
Maize,Vegetative,24,31,50,7.6,0.83,31,55,Loamy,34kg Urea/acre,34,0,0,0,0
Cotton,Flowering,63,32,15,6.1,1.15,26,55,Loamy,40kg MOP + 60kg Urea + 21kg DAP/acre,60,21,40,0,0
Maize,Sowing,36,22,41,5.6,0.35,30,8,Loamy,20kg Urea + 42kg MOP/acre,20,0,42,0,0
Maize,Sowing,16,6,20,6.0,1.26,35,12,Loamy,41kg Urea + 51kg MOP + 41kg SSP/acre,41,0,51,41,0
Mustard,Sowing,53,35,47,6.7,0.41,18,10,Sandy Loam,31kg SSP + 39kg Urea/acre,39,0,0,31,0
Mustard,Flowering,36,11,38,5.8,1.5,28,15,Black Soil,41kg Urea/acre,41,0,0,0,0
Maize,Sowing,29,50,27,6.6,1.49,38,91,Alluvial,23kg Urea + 31kg MOP + 57kg SSP/acre,23,0,31,57,0
Wheat,Tillering,46,12,28,5.6,1.17,25,71,Alluvial,34kg DAP + 22kg Urea/acre,22,34,0,0,0
Cotton,Vegetative,43,29,41,6.4,0.92,31,82,Clay Loam,32kg Urea/acre,32,0,0,0,0
Rice,Grain Fill,68,6,37,6.2,0.54,36,55,Alluvial,29kg MOP + 22kg DAP + 28kg Urea/acre,28,22,29,0,0
Wheat,Grain Fill,12,38,20,5.8,0.64,37,4,Black Soil,49kg DAP + 30kg Urea + 57kg MOP/acre,30,49,57,0,0
Rice,Grain Fill,43,18,6,6.0,0.37,18,84,Black Soil,43kg DAP + 26kg Urea/acre,26,43,0,0,0
Rice,Flowering,12,33,26,7.6,0.32,33,88,Clay Loam,23kg Urea/acre,23,0,0,0,0
Mustard,Vegetative,19,28,16,5.9,0.89,24,118,Loamy,50kg Urea/acre,50,0,0,0,0
Mustard,Flowering,36,34,30,5.9,0.94,26,92,Loamy,26kg SSP + 34kg Urea/acre,34,0,0,26,0
Cotton,Flowering,36,27,12,7.9,1.14,34,19,Alluvial,59kg DAP/acre,0,59,0,0,0
Mustard,Flowering,49,30,16,7.8,0.72,22,26,Alluvial,41kg SSP + 60kg Urea/acre,60,0,0,41,0
Mustard,Sowing,25,32,18,6.6,1.37,23,100,Sandy Loam,23kg SSP + 27kg Urea/acre,27,0,0,23,0
Wheat,Flowering,64,48,9,7.8,1.31,29,9,Sandy Loam,45kg Urea/acre,45,0,0,0,0
Rice,Vegetative,39,16,16,7.6,0.6,29,8,Black Soil,39kg Urea + 31kg DAP + 50kg MOP/acre,39,31,50,0,0
Mustard,Flowering,69,38,9,7.7,1.31,33,19,Black Soil,56kg SSP + 29kg Urea/acre,29,0,0,56,0
Wheat,Sowing,28,14,6,7.2,0.49,38,11,Loamy,50kg Urea + 42kg DAP/acre,50,42,0,0,0
Wheat,Flowering,17,27,9,5.6,0.43,31,68,Black Soil,34kg MOP + 60kg DAP + 47kg Urea/acre,47,60,34,0,0
Wheat,Tillering,49,34,41,6.2,0.68,24,113,Alluvial,25kg DAP + 51kg MOP/acre,0,25,51,0,0
Mustard,Vegetative,59,41,10,7.8,0.61,18,19,Clay Loam,50kg SSP/acre,0,0,0,50,0
Cotton,Flowering,63,32,40,5.7,1.33,25,63,Sandy Loam,35kg Urea + 21kg MOP + 31kg DAP/acre,35,31,21,0,0
Cotton,Boll Formation,25,19,37,7.8,0.36,19,51,Clay Loam,35kg MOP + 59kg Urea/acre,59,0,35,0,0
Rice,Sowing,14,47,44,7.7,0.34,29,73,Alluvial,28kg MOP + 20kg DAP + 49kg Urea/acre,49,20,28,0,0
Cotton,Sowing,71,9,31,6.5,1.5,24,67,Clay Loam,60kg Urea + 42kg MOP + 24kg DAP/acre,60,24,42,0,0
Rice,Sowing,54,31,35,6.8,0.95,34,71,Alluvial,52kg Urea + 45kg DAP/acre,52,45,0,0,0
Cotton,Sowing,57,48,42,6.2,1.36,23,7,Clay Loam,26kg MOP + 53kg Urea/acre,53,0,26,0,0
Maize,Sowing,32,36,34,7.1,0.9,27,51,Sandy Loam,43kg SSP/acre,0,0,0,43,0
Mustard,Sowing,56,42,29,7.8,1.17,23,58,Alluvial,38kg Urea + 49kg SSP/acre,38,0,0,49,0
Maize,Sowing,39,5,25,6.3,1.33,22,26,Clay Loam,25kg SSP + 37kg MOP/acre,0,0,37,25,0
Rice,Flowering,35,29,15,7.9,0.88,34,79,Clay Loam,49kg MOP + 46kg Urea + 39kg DAP/acre,46,39,49,0,0
Maize,Sowing,44,27,22,6.1,0.47,18,19,Loamy,20kg Urea + 54kg SSP + 59kg MOP/acre,20,0,59,54,0
Maize,Grain Fill,77,36,25,5.5,0.88,36,28,Black Soil,33kg Urea/acre,33,0,0,0,0
Mustard,Sowing,76,16,19,7.4,1.01,20,103,Loamy,58kg Urea + 30kg SSP/acre,58,0,0,30,0
Maize,Flowering,34,44,11,5.5,1.29,28,76,Loamy,21kg SSP/acre,0,0,0,21,0
Cotton,Flowering,17,29,13,5.9,0.63,33,40,Sandy Loam,21kg DAP/acre,0,21,0,0,0
Mustard,Vegetative,44,45,6,6.3,0.64,25,95,Loamy,50kg SSP/acre,0,0,0,50,0
Cotton,Vegetative,73,20,43,6.5,1.06,32,119,Sandy Loam,38kg MOP/acre,0,0,38,0,0
Mustard,Sowing,78,37,50,7.3,0.58,29,85,Loamy,56kg SSP/acre,0,0,0,56,0
Maize,Grain Fill,51,23,30,7.8,0.91,19,20,Clay Loam,26kg SSP + 48kg MOP + 33kg Urea/acre,33,0,48,26,0
Wheat,Flowering,38,50,21,6.3,0.46,18,104,Loamy,47kg DAP/acre,0,47,0,0,0
Rice,Vegetative,38,33,18,7.5,1.05,21,50,Clay Loam,57kg Urea + 57kg DAP + 55kg MOP/acre,57,57,55,0,0
Wheat,Tillering,60,8,14,8.0,1.28,30,53,Sandy Loam,59kg Urea + 33kg DAP + 32kg MOP/acre,59,33,32,0,0
Mustard,Flowering,47,38,12,7.5,0.38,32,42,Alluvial,26kg Urea + 34kg SSP/acre,26,0,0,34,0
Cotton,Flowering,22,39,25,7.3,1.1,24,119,Loamy,57kg DAP/acre,0,57,0,0,0
Wheat,Sowing,36,32,13,7.1,0.9,30,111,Loamy,52kg Urea + 36kg DAP/acre,52,36,0,0,0
Maize,Grain Fill,32,32,11,6.0,1.24,25,22,Clay Loam,42kg SSP + 57kg MOP/acre,0,0,57,42,0
Rice,Vegetative,67,12,30,7.6,0.6,31,91,Loamy,43kg DAP/acre,0,43,0,0,0
Cotton,Flowering,59,13,6,6.5,0.41,30,28,Black Soil,40kg DAP + 32kg Urea + 43kg MOP/acre,32,40,43,0,0
Cotton,Flowering,13,6,19,6.1,1.26,26,50,Loamy,60kg Urea/acre,60,0,0,0,0
Maize,Vegetative,49,13,37,6.1,1.21,38,81,Black Soil,50kg Urea + 30kg MOP/acre,50,0,30,0,0
Rice,Sowing,29,42,40,7.3,1.36,22,94,Clay Loam,26kg MOP + 40kg Urea/acre,40,0,26,0,0
Wheat,Tillering,18,25,35,6.5,1.03,34,115,Loamy,35kg Urea + 46kg MOP + 41kg DAP/acre,35,41,46,0,0
Mustard,Vegetative,23,37,40,7.2,0.63,31,62,Black Soil,37kg SSP/acre,0,0,0,37,0
Cotton,Vegetative,76,5,32,6.4,1.03,36,115,Loamy,26kg DAP + 21kg MOP + 60kg Urea/acre,60,26,21,0,0
Rice,Sowing,76,5,34,6.1,1.03,33,74,Black Soil,48kg MOP/acre,0,0,48,0,0
Wheat,Sowing,46,30,20,6.5,0.88,26,31,Black Soil,41kg DAP/acre,0,41,0,0,0
Mustard,Vegetative,71,43,12,6.5,0.68,23,27,Alluvial,27kg SSP + 46kg Urea/acre,46,0,0,27,0
Rice,Vegetative,13,14,16,7.0,0.89,29,113,Clay Loam,21kg DAP + 43kg Urea/acre,43,21,0,0,0
Rice,Vegetative,59,47,37,7.3,1.15,19,111,Alluvial,51kg Urea/acre,51,0,0,0,0
Cotton,Boll Formation,63,8,42,7.1,1.06,37,73,Loamy,55kg DAP + 28kg Urea/acre,28,55,0,0,0
Wheat,Sowing,42,50,45,7.1,1.15,22,13,Black Soil,58kg DAP/acre,0,58,0,0,0
Rice,Flowering,71,45,44,7.5,0.74,34,60,Clay Loam,57kg Urea + 39kg DAP + 28kg MOP/acre,57,39,28,0,0
Rice,Grain Fill,75,43,23,5.8,0.91,34,115,Alluvial,26kg Urea/acre,26,0,0,0,0
Rice,Sowing,60,9,8,6.0,0.95,36,35,Loamy,30kg MOP + 39kg DAP/acre,0,39,30,0,0
Maize,Flowering,68,47,18,6.1,1.13,28,38,Black Soil,43kg SSP/acre,0,0,0,43,0
Wheat,Grain Fill,40,44,8,5.6,0.59,22,29,Sandy Loam,29kg DAP + 57kg Urea + 36kg MOP/acre,57,29,36,0,0
Mustard,Sowing,51,14,23,7.1,1.01,26,93,Clay Loam,30kg Urea/acre,30,0,0,0,0
Rice,Vegetative,58,37,39,6.2,1.33,30,1,Alluvial,52kg MOP + 57kg DAP/acre,0,57,52,0,0
Rice,Sowing,54,49,18,8.0,1.23,35,19,Alluvial,32kg DAP + 34kg Urea/acre,34,32,0,0,0
Mustard,Vegetative,64,47,15,6.3,0.41,24,42,Alluvial,34kg Urea + 60kg SSP/acre,34,0,0,60,0
Mustard,Flowering,19,21,14,8.0,0.92,38,61,Clay Loam,31kg SSP/acre,0,0,0,31,0
Mustard,Flowering,60,48,30,5.5,0.61,27,55,Loamy,47kg SSP/acre,0,0,0,47,0
Wheat,Grain Fill,68,39,39,7.6,1.2,23,17,Alluvial,43kg Urea/acre,43,0,0,0,0
Mustard,Flowering,76,39,37,5.8,1.07,22,24,Loamy,44kg Urea + 24kg SSP/acre,44,0,0,24,0
Maize,Grain Fill,20,42,30,7.7,0.54,35,43,Alluvial,20kg MOP/acre,0,0,20,0,0
Rice,Sowing,75,8,20,6.4,0.93,30,74,Loamy,32kg DAP + 60kg MOP + 37kg Urea/acre,37,32,60,0,0
Maize,Flowering,33,50,40,6.5,0.49,34,40,Loamy,38kg MOP + 45kg Urea + 59kg SSP/acre,45,0,38,59,0
Wheat,Flowering,56,28,26,7.3,0.53,22,15,Alluvial,56kg MOP + 51kg DAP + 24kg Urea/acre,24,51,56,0,0
Mustard,Vegetative,22,28,38,7.2,1.49,21,15,Alluvial,38kg Urea/acre,38,0,0,0,0
Rice,Flowering,57,33,33,7.2,1.26,35,44,Clay Loam,42kg MOP/acre,0,0,42,0,0
Rice,Sowing,13,42,12,7.1,1.22,20,17,Clay Loam,41kg DAP + 37kg Urea + 21kg MOP/acre,37,41,21,0,0
Maize,Vegetative,15,32,25,7.6,0.96,25,90,Alluvial,54kg Urea/acre,54,0,0,0,0
Rice,Grain Fill,44,32,13,5.9,0.86,37,117,Alluvial,38kg DAP + 49kg MOP + 31kg Urea/acre,31,38,49,0,0
Wheat,Flowering,22,19,39,6.1,1.0,25,105,Clay Loam,46kg DAP/acre,0,46,0,0,0
Rice,Flowering,15,20,15,7.9,0.82,33,21,Sandy Loam,60kg DAP + 45kg MOP/acre,0,60,45,0,0
Rice,Grain Fill,28,7,36,7.9,1.1,25,37,Sandy Loam,40kg MOP + 35kg DAP/acre,0,35,40,0,0
Cotton,Flowering,64,26,21,6.1,0.37,19,25,Alluvial,49kg Urea + 44kg DAP/acre,49,44,0,0,0
Rice,Flowering,64,48,8,7.6,0.93,30,33,Alluvial,58kg MOP + 33kg DAP + 56kg Urea/acre,56,33,58,0,0
Cotton,Boll Formation,34,13,24,7.5,1.5,31,36,Alluvial,44kg Urea/acre,44,0,0,0,0
Mustard,Sowing,44,16,44,6.8,0.77,21,14,Loamy,53kg Urea + 47kg SSP/acre,53,0,0,47,0
Wheat,Grain Fill,56,12,34,7.1,0.99,29,82,Sandy Loam,60kg Urea + 50kg DAP + 28kg MOP/acre,60,50,28,0,0
Cotton,Sowing,51,29,21,5.8,0.69,19,104,Clay Loam,54kg MOP + 21kg Urea/acre,21,0,54,0,0
Cotton,Sowing,64,22,14,5.8,0.91,38,110,Alluvial,23kg Urea/acre,23,0,0,0,0
Rice,Sowing,28,35,33,6.4,0.95,20,68,Clay Loam,28kg DAP + 58kg Urea/acre,58,28,0,0,0
Cotton,Vegetative,56,27,13,7.1,1.27,19,2,Loamy,22kg Urea/acre,22,0,0,0,0
Rice,Vegetative,50,45,31,7.5,0.94,36,74,Clay Loam,42kg DAP + 41kg Urea/acre,41,42,0,0,0
Mustard,Vegetative,22,41,21,7.8,0.98,32,114,Clay Loam,41kg SSP/acre,0,0,0,41,0
Rice,Grain Fill,10,22,6,6.1,1.02,27,85,Clay Loam,53kg DAP + 32kg Urea/acre,32,53,0,0,0
Maize,Grain Fill,71,45,44,7.6,1.46,37,57,Sandy Loam,42kg MOP + 54kg Urea/acre,54,0,42,0,0
Wheat,Flowering,68,47,9,7.5,1.03,34,44,Clay Loam,43kg Urea/acre,43,0,0,0,0
Wheat,Sowing,30,15,19,7.5,0.44,29,88,Sandy Loam,38kg DAP + 51kg Urea + 37kg MOP/acre,51,38,37,0,0
Wheat,Grain Fill,70,38,40,6.9,0.63,26,90,Alluvial,35kg Urea/acre,35,0,0,0,0
Maize,Sowing,56,24,50,7.6,0.85,22,70,Sandy Loam,56kg Urea/acre,56,0,0,0,0
Wheat,Sowing,23,39,45,7.7,0.62,22,115,Alluvial,23kg Urea/acre,23,0,0,0,0
Cotton,Vegetative,74,31,49,6.8,1.36,18,66,Sandy Loam,55kg MOP + 47kg DAP/acre,0,47,55,0,0
Maize,Vegetative,41,45,50,6.0,1.05,38,40,Sandy Loam,59kg MOP + 54kg SSP + 39kg Urea/acre,39,0,59,54,0
Cotton,Boll Formation,56,15,16,6.4,1.05,35,76,Loamy,26kg DAP + 34kg Urea/acre,34,26,0,0,0
Rice,Grain Fill,44,50,26,7.8,0.53,33,105,Loamy,28kg DAP + 57kg Urea/acre,57,28,0,0,0
Wheat,Sowing,68,19,36,6.0,0.85,34,87,Loamy,28kg Urea + 28kg DAP/acre,28,28,0,0,0
Maize,Grain Fill,27,36,13,7.8,0.97,38,85,Sandy Loam,56kg SSP/acre,0,0,0,56,0
Mustard,Flowering,36,41,44,7.6,1.34,22,96,Clay Loam,25kg Urea + 48kg SSP/acre,25,0,0,48,0
Cotton,Flowering,46,46,28,5.8,0.36,29,113,Sandy Loam,42kg DAP/acre,0,42,0,0,0
Wheat,Flowering,43,8,36,6.2,0.62,21,28,Loamy,22kg MOP + 55kg Urea/acre,55,0,22,0,0
Maize,Sowing,43,27,46,5.6,0.88,33,68,Sandy Loam,28kg SSP/acre,0,0,0,28,0
Cotton,Boll Formation,53,21,42,7.2,1.47,23,115,Clay Loam,54kg Urea/acre,54,0,0,0,0
Wheat,Flowering,27,22,6,7.8,0.98,20,62,Black Soil,20kg DAP/acre,0,20,0,0,0
Mustard,Sowing,29,31,26,7.6,0.74,18,63,Black Soil,22kg Urea + 57kg SSP/acre,22,0,0,57,0
Maize,Vegetative,13,32,34,7.2,0.33,20,80,Alluvial,53kg SSP + 20kg MOP + 50kg Urea/acre,50,0,20,53,0
Mustard,Flowering,32,14,5,7.4,0.63,35,19,Alluvial,43kg Urea/acre,43,0,0,0,0
Maize,Sowing,33,30,42,7.1,1.36,28,25,Clay Loam,34kg Urea + 43kg SSP/acre,34,0,0,43,0
Wheat,Flowering,56,24,31,5.7,1.46,36,107,Alluvial,27kg DAP + 38kg Urea/acre,38,27,0,0,0
Mustard,Sowing,58,8,47,7.5,0.69,37,84,Sandy Loam,28kg SSP/acre,0,0,0,28,0
Maize,Sowing,32,43,36,5.9,1.21,35,67,Loamy,40kg Urea + 48kg MOP/acre,40,0,48,0,0
Cotton,Flowering,52,37,33,5.5,1.27,24,28,Black Soil,27kg DAP/acre,0,27,0,0,0
Cotton,Boll Formation,45,45,24,7.0,1.0,33,70,Sandy Loam,58kg MOP + 20kg Urea + 41kg DAP/acre,20,41,58,0,0
Cotton,Boll Formation,33,39,39,6.9,1.21,36,58,Clay Loam,26kg MOP + 47kg DAP/acre,0,47,26,0,0
Wheat,Grain Fill,67,24,30,7.4,1.36,27,114,Clay Loam,28kg DAP/acre,0,28,0,0,0
Cotton,Sowing,73,27,40,7.2,0.35,35,112,Sandy Loam,43kg DAP/acre,0,43,0,0,0
Maize,Flowering,24,40,7,7.6,0.33,30,14,Black Soil,45kg MOP/acre,0,0,45,0,0
Rice,Grain Fill,18,20,49,6.0,0.43,38,3,Sandy Loam,39kg DAP/acre,0,39,0,0,0
Wheat,Sowing,15,49,27,7.1,0.39,26,31,Alluvial,31kg Urea + 59kg DAP/acre,31,59,0,0,0
Wheat,Tillering,70,48,21,7.4,1.34,22,97,Clay Loam,22kg MOP + 60kg DAP + 44kg Urea/acre,44,60,22,0,0
Rice,Sowing,54,16,7,7.0,1.34,32,54,Clay Loam,55kg MOP + 38kg Urea + 20kg DAP/acre,38,20,55,0,0
Maize,Grain Fill,40,30,33,5.7,0.8,34,99,Sandy Loam,49kg MOP/acre,0,0,49,0,0
Maize,Grain Fill,76,40,34,5.9,1.43,32,63,Black Soil,51kg SSP/acre,0,0,0,51,0
Wheat,Sowing,44,44,24,5.9,0.85,26,37,Loamy,36kg Urea + 46kg DAP + 41kg MOP/acre,36,46,41,0,0
Cotton,Vegetative,21,18,23,7.4,0.4,30,101,Clay Loam,45kg DAP + 24kg MOP/acre,0,45,24,0,0
Mustard,Sowing,55,33,7,8.0,0.35,25,47,Black Soil,26kg Urea + 21kg SSP/acre,26,0,0,21,0
Mustard,Sowing,48,16,27,7.9,1.32,26,104,Alluvial,52kg SSP/acre,0,0,0,52,0
Wheat,Flowering,61,46,11,5.8,1.45,25,5,Loamy,46kg MOP + 44kg Urea/acre,44,0,46,0,0
Cotton,Boll Formation,22,6,32,7.3,0.91,28,27,Clay Loam,51kg DAP + 34kg MOP + 35kg Urea/acre,35,51,34,0,0
Maize,Vegetative,35,43,14,6.1,0.31,21,22,Alluvial,33kg MOP + 39kg Urea + 31kg SSP/acre,39,0,33,31,0
Mustard,Flowering,72,48,20,6.8,1.07,26,75,Sandy Loam,22kg SSP + 39kg Urea/acre,39,0,0,22,0
Maize,Vegetative,22,35,31,5.7,0.87,26,53,Alluvial,38kg MOP + 56kg SSP + 54kg Urea/acre,54,0,38,56,0
Mustard,Vegetative,50,36,11,7.7,0.93,19,28,Black Soil,58kg Urea + 50kg SSP/acre,58,0,0,50,0
Cotton,Boll Formation,48,17,26,7.6,1.36,38,12,Clay Loam,33kg Urea + 38kg MOP/acre,33,0,38,0,0
Cotton,Vegetative,26,27,47,6.9,0.98,35,23,Black Soil,59kg DAP + 36kg Urea + 58kg MOP/acre,36,59,58,0,0
Wheat,Sowing,50,7,28,7.3,0.33,32,4,Loamy,57kg MOP + 30kg DAP/acre,0,30,57,0,0
Rice,Sowing,20,11,6,7.1,1.08,34,79,Sandy Loam,21kg DAP/acre,0,21,0,0,0
Rice,Grain Fill,29,27,18,7.8,0.69,34,12,Sandy Loam,25kg DAP + 45kg Urea/acre,45,25,0,0,0
Mustard,Sowing,31,42,29,6.2,0.34,23,95,Clay Loam,26kg Urea/acre,26,0,0,0,0
Maize,Flowering,36,45,6,7.5,0.78,34,26,Black Soil,41kg Urea + 60kg SSP + 31kg MOP/acre,41,0,31,60,0
Rice,Sowing,54,33,44,7.0,1.06,28,14,Loamy,46kg DAP + 37kg MOP + 51kg Urea/acre,51,46,37,0,0
Cotton,Flowering,42,48,25,7.2,0.97,28,15,Sandy Loam,34kg DAP + 20kg MOP + 50kg Urea/acre,50,34,20,0,0
Wheat,Grain Fill,22,9,46,7.0,0.74,32,93,Clay Loam,55kg DAP + 36kg MOP + 35kg Urea/acre,35,55,36,0,0
Cotton,Flowering,20,20,24,7.8,1.35,37,90,Alluvial,26kg MOP + 26kg Urea/acre,26,0,26,0,0
Maize,Sowing,71,12,30,7.4,1.32,24,21,Loamy,23kg Urea + 55kg SSP/acre,23,0,0,55,0
Rice,Grain Fill,48,20,24,6.5,0.91,30,61,Black Soil,24kg DAP + 32kg Urea + 50kg MOP/acre,32,24,50,0,0
Mustard,Sowing,49,14,5,6.7,0.66,31,92,Black Soil,54kg Urea/acre,54,0,0,0,0
Cotton,Sowing,64,30,14,7.0,0.66,23,40,Clay Loam,39kg DAP + 34kg Urea/acre,34,39,0,0,0
Mustard,Flowering,30,50,30,6.8,1.04,28,41,Clay Loam,33kg Urea + 58kg SSP/acre,33,0,0,58,0
Mustard,Vegetative,54,23,35,6.8,0.72,25,60,Black Soil,57kg SSP + 30kg Urea/acre,30,0,0,57,0
Cotton,Flowering,37,39,43,6.7,1.5,30,28,Black Soil,46kg Urea + 21kg MOP + 36kg DAP/acre,46,36,21,0,0
Wheat,Grain Fill,43,34,21,7.1,0.45,27,23,Alluvial,40kg DAP + 20kg MOP + 50kg Urea/acre,50,40,20,0,0
Mustard,Vegetative,69,23,35,5.9,1.34,32,117,Alluvial,51kg Urea/acre,51,0,0,0,0
Wheat,Tillering,46,32,13,7.5,1.27,20,6,Black Soil,55kg Urea + 25kg DAP/acre,55,25,0,0,0
Wheat,Tillering,22,7,16,7.1,0.41,23,118,Clay Loam,38kg MOP + 24kg DAP/acre,0,24,38,0,0
Rice,Flowering,51,25,25,8.0,0.53,28,10,Alluvial,43kg Urea + 26kg DAP + 25kg MOP/acre,43,26,25,0,0
Rice,Flowering,72,22,11,7.5,1.27,22,113,Clay Loam,21kg DAP + 36kg MOP/acre,0,21,36,0,0
Rice,Vegetative,15,13,37,7.8,1.21,21,45,Alluvial,42kg MOP + 23kg Urea + 21kg DAP/acre,23,21,42,0,0
Wheat,Grain Fill,21,14,45,6.4,0.97,22,73,Black Soil,25kg Urea + 52kg DAP + 33kg MOP/acre,25,52,33,0,0
Mustard,Vegetative,12,49,43,7.4,1.24,19,9,Clay Loam,26kg Urea + 52kg SSP/acre,26,0,0,52,0
Maize,Vegetative,21,29,21,7.6,0.76,31,42,Black Soil,35kg SSP/acre,0,0,0,35,0
Wheat,Flowering,41,9,50,8.0,1.43,32,1,Sandy Loam,38kg MOP/acre,0,0,38,0,0
Cotton,Vegetative,13,32,43,7.3,1.28,19,25,Black Soil,44kg Urea + 59kg MOP/acre,44,0,59,0,0
Wheat,Grain Fill,45,6,11,7.3,1.43,23,39,Sandy Loam,60kg DAP + 54kg MOP/acre,0,60,54,0,0
Maize,Sowing,19,5,13,6.4,0.62,38,81,Alluvial,40kg SSP + 49kg Urea/acre,49,0,0,40,0
Cotton,Sowing,36,38,6,6.6,1.3,21,60,Loamy,25kg Urea + 54kg MOP/acre,25,0,54,0,0
Maize,Vegetative,18,26,44,6.4,1.24,22,3,Sandy Loam,58kg SSP + 50kg MOP + 37kg Urea/acre,37,0,50,58,0
Cotton,Vegetative,16,46,11,6.5,1.21,24,58,Clay Loam,43kg Urea + 60kg MOP/acre,43,0,60,0,0
Cotton,Sowing,38,46,32,8.0,1.01,29,40,Alluvial,28kg Urea + 29kg DAP + 47kg MOP/acre,28,29,47,0,0
Rice,Flowering,77,38,23,7.7,1.22,22,21,Loamy,39kg DAP/acre,0,39,0,0,0
Rice,Flowering,61,42,24,6.8,1.26,26,43,Black Soil,49kg Urea/acre,49,0,0,0,0
Mustard,Vegetative,68,45,16,6.5,0.7,30,98,Sandy Loam,30kg SSP + 44kg Urea/acre,44,0,0,30,0
Wheat,Sowing,62,33,30,7.7,1.19,18,53,Black Soil,40kg MOP + 33kg Urea/acre,33,0,40,0,0
Rice,Vegetative,35,28,24,5.9,0.58,38,33,Sandy Loam,60kg Urea + 59kg DAP + 20kg MOP/acre,60,59,20,0,0
Cotton,Sowing,14,33,49,7.5,0.65,31,23,Clay Loam,20kg DAP + 30kg Urea + 33kg MOP/acre,30,20,33,0,0
Wheat,Sowing,56,41,33,5.6,1.18,28,46,Alluvial,40kg Urea + 46kg DAP/acre,40,46,0,0,0
Mustard,Sowing,26,16,49,7.3,0.76,36,68,Alluvial,39kg SSP/acre,0,0,0,39,0
Mustard,Sowing,68,44,42,7.7,0.68,34,13,Loamy,40kg SSP + 44kg Urea/acre,44,0,0,40,0
Rice,Grain Fill,34,39,36,5.7,0.59,37,13,Alluvial,54kg MOP/acre,0,0,54,0,0
Mustard,Flowering,10,22,24,7.9,1.08,19,23,Clay Loam,58kg Urea + 44kg SSP/acre,58,0,0,44,0
Wheat,Sowing,48,18,40,6.8,1.05,22,43,Black Soil,22kg MOP/acre,0,0,22,0,0
Cotton,Vegetative,17,11,32,7.9,0.54,33,45,Black Soil,50kg Urea + 28kg DAP + 36kg MOP/acre,50,28,36,0,0
Rice,Vegetative,38,49,6,7.1,1.29,27,120,Black Soil,47kg Urea/acre,47,0,0,0,0
Maize,Flowering,14,47,43,6.0,1.12,23,93,Loamy,46kg SSP + 52kg MOP + 38kg Urea/acre,38,0,52,46,0
Maize,Flowering,16,8,29,5.5,0.5,28,87,Loamy,31kg MOP + 42kg Urea/acre,42,0,31,0,0
Maize,Flowering,17,47,40,7.6,1.12,26,71,Black Soil,23kg MOP/acre,0,0,23,0,0
Cotton,Sowing,67,45,24,7.3,0.62,34,83,Loamy,47kg DAP/acre,0,47,0,0,0
Mustard,Vegetative,52,47,38,5.8,1.27,29,97,Sandy Loam,23kg Urea/acre,23,0,0,0,0
Rice,Sowing,64,30,29,5.9,0.95,34,27,Sandy Loam,26kg MOP/acre,0,0,26,0,0
Rice,Grain Fill,29,10,26,7.6,1.18,36,32,Loamy,35kg DAP + 50kg Urea/acre,50,35,0,0,0
Rice,Vegetative,39,5,47,6.0,1.45,38,63,Sandy Loam,24kg DAP + 52kg Urea/acre,52,24,0,0,0
Maize,Sowing,51,49,46,7.0,0.74,23,13,Loamy,41kg Urea/acre,41,0,0,0,0
Maize,Vegetative,10,13,28,7.9,1.34,33,103,Clay Loam,50kg MOP/acre,0,0,50,0,0
Wheat,Grain Fill,45,5,36,7.8,1.09,27,9,Black Soil,28kg MOP + 59kg Urea/acre,59,0,28,0,0
Cotton,Flowering,50,41,7,5.6,0.97,20,56,Alluvial,37kg DAP/acre,0,37,0,0,0
Cotton,Sowing,47,33,20,7.9,1.02,35,39,Loamy,43kg DAP/acre,0,43,0,0,0
Rice,Sowing,40,26,6,7.6,1.3,30,99,Clay Loam,44kg MOP/acre,0,0,44,0,0
Cotton,Flowering,35,16,29,6.0,1.01,22,105,Sandy Loam,51kg Urea + 38kg MOP + 30kg DAP/acre,51,30,38,0,0
Rice,Sowing,13,21,36,6.0,0.95,24,33,Sandy Loam,47kg Urea/acre,47,0,0,0,0
Rice,Flowering,34,39,37,7.3,1.4,31,92,Black Soil,40kg Urea + 31kg DAP + 35kg MOP/acre,40,31,35,0,0
Maize,Grain Fill,48,12,35,8.0,0.37,19,17,Loamy,25kg MOP/acre,0,0,25,0,0
Maize,Vegetative,67,26,37,5.9,1.23,38,25,Clay Loam,27kg MOP + 22kg SSP/acre,0,0,27,22,0
Maize,Flowering,60,16,39,6.8,0.51,35,18,Clay Loam,54kg MOP/acre,0,0,54,0,0
Cotton,Boll Formation,56,27,27,5.5,0.77,35,29,Black Soil,46kg DAP/acre,0,46,0,0,0
Wheat,Grain Fill,24,24,23,7.3,1.0,32,22,Black Soil,29kg DAP + 30kg Urea + 35kg MOP/acre,30,29,35,0,0
Mustard,Sowing,52,50,36,6.5,0.33,37,0,Black Soil,46kg Urea/acre,46,0,0,0,0
Wheat,Grain Fill,29,19,44,6.1,0.46,27,105,Black Soil,45kg Urea/acre,45,0,0,0,0
Mustard,Vegetative,53,39,41,7.7,1.25,23,32,Loamy,25kg Urea + 48kg SSP/acre,25,0,0,48,0
Rice,Grain Fill,65,35,26,6.1,0.97,27,98,Loamy,33kg Urea + 35kg DAP + 59kg MOP/acre,33,35,59,0,0
Cotton,Boll Formation,44,46,21,7.9,0.49,36,25,Sandy Loam,28kg MOP/acre,0,0,28,0,0
Wheat,Tillering,50,8,35,7.2,0.89,25,30,Sandy Loam,40kg MOP + 48kg DAP + 60kg Urea/acre,60,48,40,0,0
Cotton,Boll Formation,47,46,46,7.9,0.66,20,25,Clay Loam,48kg DAP/acre,0,48,0,0,0
Rice,Flowering,30,39,30,7.6,0.73,26,18,Clay Loam,33kg Urea + 25kg MOP + 45kg DAP/acre,33,45,25,0,0
Mustard,Vegetative,42,30,35,5.5,0.79,36,20,Clay Loam,24kg SSP + 59kg Urea/acre,59,0,0,24,0
Mustard,Vegetative,80,33,11,5.9,0.87,23,102,Loamy,31kg SSP/acre,0,0,0,31,0
Maize,Vegetative,67,17,21,7.3,1.17,22,22,Clay Loam,52kg Urea + 46kg SSP/acre,52,0,0,46,0
Mustard,Sowing,28,26,27,6.1,1.18,20,102,Loamy,49kg SSP/acre,0,0,0,49,0
Cotton,Sowing,12,41,31,7.0,0.32,20,71,Sandy Loam,58kg Urea + 41kg MOP + 43kg DAP/acre,58,43,41,0,0
Wheat,Flowering,27,44,22,6.7,1.41,26,12,Clay Loam,33kg Urea + 36kg DAP/acre,33,36,0,0,0
Cotton,Flowering,15,17,43,7.8,0.66,27,10,Loamy,31kg MOP + 43kg DAP + 35kg Urea/acre,35,43,31,0,0
Maize,Flowering,14,38,33,8.0,0.51,25,50,Loamy,47kg MOP/acre,0,0,47,0,0
Cotton,Boll Formation,59,44,22,5.8,0.67,20,40,Alluvial,47kg MOP/acre,0,0,47,0,0
Cotton,Sowing,38,21,21,6.8,1.38,18,107,Sandy Loam,39kg Urea + 44kg MOP + 32kg DAP/acre,39,32,44,0,0
Mustard,Flowering,24,43,21,7.8,1.35,27,112,Black Soil,43kg SSP + 31kg Urea/acre,31,0,0,43,0
Rice,Grain Fill,54,9,40,6.6,0.4,24,109,Clay Loam,38kg DAP + 43kg MOP + 51kg Urea/acre,51,38,43,0,0
Cotton,Boll Formation,26,31,48,6.6,1.05,28,39,Sandy Loam,28kg MOP/acre,0,0,28,0,0
Rice,Flowering,24,40,10,6.1,0.44,28,120,Loamy,24kg MOP + 48kg Urea/acre,48,0,24,0,0
Rice,Grain Fill,67,25,13,7.7,1.28,31,64,Loamy,21kg MOP + 47kg DAP + 37kg Urea/acre,37,47,21,0,0
Cotton,Sowing,80,34,39,6.4,1.2,24,28,Sandy Loam,23kg DAP + 42kg Urea/acre,42,23,0,0,0
Cotton,Boll Formation,24,37,40,7.8,1.23,24,50,Clay Loam,48kg MOP + 52kg Urea/acre,52,0,48,0,0
Maize,Sowing,54,13,32,7.3,1.4,37,77,Clay Loam,38kg SSP + 34kg Urea + 34kg MOP/acre,34,0,34,38,0
Wheat,Flowering,58,13,15,6.7,1.24,28,71,Black Soil,49kg Urea/acre,49,0,0,0,0
Maize,Flowering,56,36,30,6.4,1.41,18,63,Loamy,25kg MOP + 39kg SSP/acre,0,0,25,39,0
Rice,Sowing,65,13,9,7.8,1.04,28,64,Black Soil,31kg DAP/acre,0,31,0,0,0
Mustard,Vegetative,47,35,41,6.4,0.7,30,18,Clay Loam,50kg Urea + 58kg SSP/acre,50,0,0,58,0
Wheat,Grain Fill,55,10,17,8.0,0.92,33,110,Clay Loam,53kg Urea + 50kg DAP/acre,53,50,0,0,0
Mustard,Flowering,29,5,28,7.7,1.2,19,53,Loamy,27kg Urea/acre,27,0,0,0,0
Wheat,Tillering,56,48,34,6.2,0.37,36,80,Sandy Loam,28kg Urea + 53kg DAP/acre,28,53,0,0,0
Maize,Flowering,18,48,43,5.7,1.17,36,54,Black Soil,51kg Urea + 43kg SSP + 59kg MOP/acre,51,0,59,43,0
Rice,Sowing,35,10,28,7.3,0.31,33,93,Alluvial,25kg DAP/acre,0,25,0,0,0
Maize,Vegetative,75,7,26,7.5,1.18,35,99,Clay Loam,54kg Urea + 56kg SSP + 33kg MOP/acre,54,0,33,56,0
Cotton,Flowering,38,26,46,6.0,1.21,24,105,Clay Loam,55kg Urea/acre,55,0,0,0,0
Maize,Flowering,36,35,50,7.9,1.07,21,111,Black Soil,22kg MOP + 48kg SSP + 50kg Urea/acre,50,0,22,48,0
Wheat,Tillering,33,9,46,7.4,0.82,31,14,Loamy,24kg MOP/acre,0,0,24,0,0
Wheat,Tillering,17,27,37,6.6,1.25,31,112,Black Soil,46kg DAP + 49kg MOP/acre,0,46,49,0,0
Wheat,Tillering,22,14,25,6.7,0.66,32,77,Alluvial,45kg MOP + 59kg DAP + 54kg Urea/acre,54,59,45,0,0
Mustard,Flowering,72,43,8,5.9,1.41,37,24,Black Soil,24kg Urea + 25kg SSP/acre,24,0,0,25,0
Mustard,Sowing,25,5,5,6.6,1.47,35,50,Alluvial,36kg SSP + 21kg Urea/acre,21,0,0,36,0
Maize,Flowering,25,32,6,6.7,0.79,24,20,Sandy Loam,35kg Urea + 27kg SSP/acre,35,0,0,27,0
Mustard,Sowing,19,11,12,5.7,1.32,19,120,Clay Loam,29kg Urea + 36kg SSP/acre,29,0,0,36,0
Rice,Vegetative,25,43,21,7.0,0.57,19,77,Alluvial,29kg Urea + 24kg DAP + 42kg MOP/acre,29,24,42,0,0
Maize,Grain Fill,42,20,49,7.3,1.25,21,90,Clay Loam,58kg MOP + 57kg SSP/acre,0,0,58,57,0
Wheat,Sowing,21,11,43,7.8,1.11,38,22,Black Soil,43kg DAP + 53kg Urea + 50kg MOP/acre,53,43,50,0,0
Wheat,Sowing,73,36,16,5.8,0.38,33,105,Sandy Loam,46kg DAP + 44kg MOP + 34kg Urea/acre,34,46,44,0,0
Maize,Grain Fill,19,20,50,6.5,1.35,21,105,Sandy Loam,35kg MOP + 35kg Urea + 52kg SSP/acre,35,0,35,52,0
Maize,Flowering,77,26,21,6.7,0.78,20,60,Black Soil,42kg Urea/acre,42,0,0,0,0
Mustard,Flowering,59,8,39,6.9,1.13,31,82,Clay Loam,23kg Urea/acre,23,0,0,0,0
Maize,Flowering,49,47,10,6.0,1.46,25,104,Clay Loam,25kg SSP/acre,0,0,0,25,0
Mustard,Vegetative,38,19,44,6.4,1.16,21,40,Sandy Loam,37kg Urea + 41kg SSP/acre,37,0,0,41,0
Maize,Flowering,49,10,25,6.9,0.57,18,105,Clay Loam,55kg SSP + 44kg MOP/acre,0,0,44,55,0
Cotton,Flowering,58,17,43,7.3,0.63,28,33,Sandy Loam,26kg DAP/acre,0,26,0,0,0
Mustard,Flowering,71,39,42,7.9,0.96,35,53,Black Soil,36kg SSP/acre,0,0,0,36,0
Wheat,Sowing,42,38,33,5.8,0.94,29,106,Clay Loam,25kg Urea + 50kg MOP + 57kg DAP/acre,25,57,50,0,0
Cotton,Boll Formation,20,16,11,6.7,0.69,19,37,Alluvial,32kg MOP + 53kg Urea/acre,53,0,32,0,0
Mustard,Sowing,31,49,15,6.2,0.95,26,52,Black Soil,28kg SSP/acre,0,0,0,28,0
Maize,Sowing,25,15,20,5.7,1.17,25,61,Clay Loam,20kg Urea/acre,20,0,0,0,0
Mustard,Sowing,69,47,22,6.5,0.8,32,107,Loamy,31kg SSP/acre,0,0,0,31,0
Maize,Sowing,63,11,26,7.9,1.26,33,117,Loamy,46kg Urea/acre,46,0,0,0,0
Cotton,Sowing,65,44,7,6.8,1.37,22,9,Loamy,59kg DAP + 31kg MOP + 56kg Urea/acre,56,59,31,0,0
Mustard,Flowering,26,47,24,5.6,0.43,18,18,Loamy,56kg Urea + 35kg SSP/acre,56,0,0,35,0
Maize,Flowering,20,30,39,5.8,0.44,34,44,Sandy Loam,59kg Urea + 34kg MOP + 41kg SSP/acre,59,0,34,41,0
Rice,Grain Fill,16,40,26,6.1,0.56,31,51,Alluvial,24kg Urea + 24kg MOP + 52kg DAP/acre,24,52,24,0,0
Wheat,Flowering,25,12,12,6.4,1.19,32,82,Black Soil,35kg DAP + 28kg MOP + 22kg Urea/acre,22,35,28,0,0
Cotton,Sowing,54,22,11,7.4,1.1,35,21,Loamy,42kg Urea + 51kg DAP + 57kg MOP/acre,42,51,57,0,0
Rice,Flowering,20,6,48,7.7,0.37,25,37,Sandy Loam,34kg DAP/acre,0,34,0,0,0
Rice,Sowing,20,46,37,5.9,0.43,35,5,Clay Loam,41kg Urea + 21kg MOP + 21kg DAP/acre,41,21,21,0,0
Mustard,Vegetative,25,12,17,5.9,0.63,35,96,Black Soil,43kg SSP/acre,0,0,0,43,0
Maize,Grain Fill,33,38,15,7.4,0.79,18,5,Clay Loam,27kg MOP + 45kg SSP/acre,0,0,27,45,0
Wheat,Tillering,57,24,11,7.7,0.78,22,61,Loamy,41kg Urea + 42kg MOP/acre,41,0,42,0,0
Mustard,Vegetative,31,18,49,7.9,0.33,28,61,Sandy Loam,23kg SSP + 43kg Urea/acre,43,0,0,23,0
Mustard,Sowing,21,36,30,7.6,0.34,38,84,Sandy Loam,52kg Urea/acre,52,0,0,0,0
Rice,Flowering,24,30,39,6.9,0.5,18,116,Alluvial,46kg DAP + 31kg MOP/acre,0,46,31,0,0
Wheat,Flowering,57,29,5,7.7,0.51,24,31,Sandy Loam,30kg DAP/acre,0,30,0,0,0
Maize,Sowing,73,23,21,7.7,0.32,21,9,Loamy,59kg MOP/acre,0,0,59,0,0
Mustard,Sowing,18,48,5,5.8,1.03,18,82,Sandy Loam,29kg SSP + 56kg Urea/acre,56,0,0,29,0
Wheat,Tillering,61,32,33,6.3,0.99,34,80,Loamy,55kg DAP + 49kg Urea/acre,49,55,0,0,0
Wheat,Grain Fill,45,14,22,6.4,0.56,18,101,Sandy Loam,33kg MOP/acre,0,0,33,0,0
Maize,Vegetative,62,5,15,6.7,0.48,28,63,Clay Loam,20kg SSP/acre,0,0,0,20,0
Mustard,Flowering,53,31,22,5.7,1.35,25,24,Clay Loam,41kg Urea + 35kg SSP/acre,41,0,0,35,0
Maize,Grain Fill,72,39,36,6.7,1.21,30,39,Sandy Loam,34kg Urea + 39kg MOP/acre,34,0,39,0,0
Wheat,Grain Fill,30,18,34,5.7,0.53,22,51,Loamy,22kg DAP + 29kg Urea + 55kg MOP/acre,29,22,55,0,0
Wheat,Tillering,68,39,43,6.3,0.41,20,92,Sandy Loam,24kg DAP + 41kg MOP/acre,0,24,41,0,0
Rice,Grain Fill,16,32,27,7.5,0.97,22,61,Loamy,41kg DAP + 54kg MOP/acre,0,41,54,0,0
Cotton,Sowing,41,31,11,7.1,0.49,19,38,Clay Loam,52kg DAP + 55kg Urea + 25kg MOP/acre,55,52,25,0,0
Cotton,Flowering,62,28,17,6.4,1.19,29,12,Clay Loam,27kg MOP + 55kg DAP/acre,0,55,27,0,0
Rice,Vegetative,56,14,19,6.0,1.26,38,0,Alluvial,59kg DAP + 49kg Urea + 56kg MOP/acre,49,59,56,0,0
Rice,Vegetative,77,7,15,6.1,0.85,34,70,Black Soil,47kg DAP + 52kg MOP/acre,0,47,52,0,0
Mustard,Vegetative,11,17,15,6.5,0.67,21,20,Sandy Loam,55kg Urea/acre,55,0,0,0,0
Maize,Flowering,77,17,48,6.1,1.26,38,69,Loamy,47kg SSP + 52kg MOP + 41kg Urea/acre,41,0,52,47,0
Cotton,Flowering,40,28,12,6.7,1.23,38,26,Loamy,60kg DAP + 59kg MOP/acre,0,60,59,0,0
Wheat,Tillering,37,32,11,8.0,0.98,30,68,Loamy,29kg Urea + 20kg DAP + 38kg MOP/acre,29,20,38,0,0
Wheat,Sowing,39,35,45,7.4,1.22,30,13,Sandy Loam,40kg Urea + 48kg MOP + 60kg DAP/acre,40,60,48,0,0
Maize,Vegetative,59,34,32,7.5,0.76,26,27,Loamy,20kg SSP/acre,0,0,0,20,0
Wheat,Grain Fill,25,25,23,7.0,1.17,31,5,Loamy,34kg Urea + 28kg MOP/acre,34,0,28,0,0
Maize,Flowering,80,15,43,7.9,0.91,26,48,Sandy Loam,56kg Urea + 33kg SSP/acre,56,0,0,33,0
Mustard,Sowing,53,35,38,7.3,0.72,29,91,Clay Loam,40kg SSP + 46kg Urea/acre,46,0,0,40,0
Maize,Grain Fill,54,17,20,7.6,1.23,30,7,Sandy Loam,20kg MOP + 23kg SSP + 35kg Urea/acre,35,0,20,23,0
Maize,Flowering,24,14,44,6.2,0.56,22,68,Black Soil,46kg Urea + 50kg MOP + 50kg SSP/acre,46,0,50,50,0
Cotton,Sowing,80,23,7,6.1,0.82,32,96,Alluvial,31kg MOP + 23kg DAP + 20kg Urea/acre,20,23,31,0,0
Wheat,Grain Fill,18,29,19,6.0,1.17,18,25,Clay Loam,59kg Urea + 57kg DAP + 29kg MOP/acre,59,57,29,0,0
Maize,Grain Fill,15,40,10,7.9,1.25,33,99,Alluvial,33kg MOP/acre,0,0,33,0,0
Wheat,Sowing,24,17,35,6.1,0.79,23,14,Clay Loam,28kg Urea/acre,28,0,0,0,0
Rice,Flowering,25,33,40,6.3,0.45,32,25,Black Soil,58kg Urea/acre,58,0,0,0,0
Maize,Vegetative,54,21,38,7.2,0.83,25,21,Black Soil,58kg SSP + 49kg Urea + 21kg MOP/acre,49,0,21,58,0
Cotton,Boll Formation,69,41,46,5.9,0.94,20,58,Clay Loam,30kg DAP + 37kg MOP/acre,0,30,37,0,0
Mustard,Vegetative,14,21,30,5.6,1.36,27,55,Alluvial,41kg Urea/acre,41,0,0,0,0
Maize,Grain Fill,17,19,12,7.6,0.51,33,98,Sandy Loam,59kg MOP + 39kg Urea/acre,39,0,59,0,0
Wheat,Grain Fill,43,48,16,6.8,0.99,24,56,Black Soil,23kg DAP + 31kg MOP + 24kg Urea/acre,24,23,31,0,0
Rice,Grain Fill,74,44,5,5.5,0.52,27,46,Sandy Loam,29kg MOP/acre,0,0,29,0,0
Rice,Vegetative,61,7,26,6.9,0.69,35,63,Black Soil,48kg Urea + 47kg MOP + 47kg DAP/acre,48,47,47,0,0
Wheat,Tillering,32,33,38,6.4,0.68,20,32,Loamy,38kg Urea + 36kg DAP + 34kg MOP/acre,38,36,34,0,0
Maize,Sowing,72,28,16,6.9,1.4,27,90,Alluvial,51kg MOP + 21kg SSP/acre,0,0,51,21,0
Rice,Vegetative,28,24,19,7.7,0.81,37,85,Black Soil,24kg Urea + 60kg MOP + 30kg DAP/acre,24,30,60,0,0
Maize,Grain Fill,73,47,27,6.4,0.36,29,1,Clay Loam,55kg Urea/acre,55,0,0,0,0
Mustard,Vegetative,50,27,7,6.5,1.14,33,15,Clay Loam,45kg Urea/acre,45,0,0,0,0
Cotton,Boll Formation,46,15,19,6.8,1.1,30,103,Alluvial,21kg MOP + 46kg DAP/acre,0,46,21,0,0
Mustard,Flowering,45,22,19,7.9,1.24,33,20,Alluvial,57kg SSP/acre,0,0,0,57,0
Mustard,Flowering,43,5,42,6.5,0.7,25,68,Sandy Loam,25kg Urea + 41kg SSP/acre,25,0,0,41,0
Maize,Flowering,32,21,12,6.5,0.74,34,101,Sandy Loam,25kg SSP + 52kg MOP + 48kg Urea/acre,48,0,52,25,0
Rice,Sowing,11,48,21,7.5,0.85,23,90,Black Soil,25kg Urea/acre,25,0,0,0,0
Wheat,Flowering,37,49,18,7.8,1.43,24,32,Alluvial,34kg MOP + 53kg DAP + 57kg Urea/acre,57,53,34,0,0
Mustard,Vegetative,17,30,22,6.0,1.37,35,8,Alluvial,54kg Urea/acre,54,0,0,0,0
Maize,Vegetative,58,44,28,7.9,0.51,21,42,Black Soil,54kg MOP + 53kg SSP + 48kg Urea/acre,48,0,54,53,0
Rice,Grain Fill,37,39,41,6.9,1.49,33,120,Black Soil,28kg Urea + 57kg MOP + 38kg DAP/acre,28,38,57,0,0
Maize,Flowering,47,40,37,6.7,0.43,34,17,Clay Loam,49kg SSP + 48kg MOP/acre,0,0,48,49,0
Cotton,Flowering,38,19,14,6.9,0.79,37,15,Sandy Loam,23kg DAP + 26kg Urea + 38kg MOP/acre,26,23,38,0,0
Mustard,Flowering,39,39,40,5.8,0.39,26,103,Black Soil,34kg Urea + 27kg SSP/acre,34,0,0,27,0
Rice,Grain Fill,80,35,33,7.2,1.45,29,70,Clay Loam,22kg MOP + 40kg DAP/acre,0,40,22,0,0
Cotton,Sowing,18,37,11,6.1,1.35,30,11,Sandy Loam,51kg MOP + 48kg DAP/acre,0,48,51,0,0
Cotton,Sowing,28,48,18,7.6,1.43,21,47,Loamy,30kg MOP/acre,0,0,30,0,0
Cotton,Flowering,36,40,40,8.0,0.7,25,119,Alluvial,26kg Urea/acre,26,0,0,0,0
Mustard,Sowing,76,24,45,6.9,1.13,33,80,Loamy,40kg Urea + 48kg SSP/acre,40,0,0,48,0
Wheat,Sowing,17,45,44,5.9,1.12,32,41,Loamy,31kg MOP + 55kg Urea/acre,55,0,31,0,0
Maize,Sowing,28,18,47,7.2,0.55,22,120,Alluvial,53kg Urea + 51kg MOP/acre,53,0,51,0,0
Rice,Grain Fill,69,45,48,6.8,1.44,18,41,Clay Loam,48kg MOP + 50kg DAP/acre,0,50,48,0,0
Mustard,Flowering,63,9,7,7.1,1.04,30,101,Black Soil,59kg SSP + 29kg Urea/acre,29,0,0,59,0
Cotton,Flowering,66,50,24,6.1,1.29,27,58,Alluvial,37kg Urea/acre,37,0,0,0,0
Rice,Grain Fill,57,48,26,7.2,0.69,25,47,Loamy,60kg DAP + 25kg Urea + 34kg MOP/acre,25,60,34,0,0
Wheat,Grain Fill,15,50,39,6.6,0.41,22,47,Loamy,40kg DAP + 56kg MOP + 56kg Urea/acre,56,40,56,0,0
Mustard,Vegetative,15,16,41,7.3,0.38,26,108,Alluvial,26kg Urea + 59kg SSP/acre,26,0,0,59,0
Cotton,Vegetative,55,44,22,6.9,0.54,27,105,Loamy,21kg Urea + 34kg DAP/acre,21,34,0,0,0
Rice,Flowering,53,49,28,7.6,0.94,37,52,Clay Loam,49kg Urea + 21kg DAP + 57kg MOP/acre,49,21,57,0,0
Cotton,Vegetative,28,23,24,7.1,0.91,18,38,Loamy,52kg Urea + 44kg MOP/acre,52,0,44,0,0
Mustard,Vegetative,54,14,7,6.0,0.69,32,1,Clay Loam,32kg SSP + 54kg Urea/acre,54,0,0,32,0
Mustard,Sowing,17,14,41,7.6,0.89,37,11,Clay Loam,43kg Urea + 33kg SSP/acre,43,0,0,33,0
Mustard,Vegetative,14,23,33,6.2,0.75,26,56,Sandy Loam,59kg Urea/acre,59,0,0,0,0
Cotton,Flowering,28,41,6,7.4,0.52,18,24,Sandy Loam,41kg DAP + 57kg MOP + 44kg Urea/acre,44,41,57,0,0
Rice,Vegetative,69,38,36,6.3,1.3,19,29,Loamy,32kg Urea + 39kg DAP + 36kg MOP/acre,32,39,36,0,0
Maize,Flowering,77,27,46,6.2,0.45,35,113,Clay Loam,24kg SSP + 57kg MOP + 53kg Urea/acre,53,0,57,24,0
Wheat,Grain Fill,40,50,24,7.4,1.33,32,15,Clay Loam,28kg DAP/acre,0,28,0,0,0
Cotton,Flowering,53,9,5,7.8,1.26,19,92,Loamy,58kg MOP + 28kg DAP/acre,0,28,58,0,0
Cotton,Flowering,72,15,17,6.5,0.49,37,87,Alluvial,24kg Urea + 30kg MOP/acre,24,0,30,0,0
Maize,Grain Fill,73,6,49,7.7,0.67,28,41,Sandy Loam,41kg Urea + 36kg SSP/acre,41,0,0,36,0
Wheat,Tillering,22,38,17,6.0,0.68,31,96,Loamy,40kg Urea + 58kg DAP/acre,40,58,0,0,0
Maize,Vegetative,62,42,24,8.0,1.35,28,34,Alluvial,27kg MOP + 51kg Urea + 46kg SSP/acre,51,0,27,46,0
Wheat,Grain Fill,19,27,11,7.9,1.29,19,44,Loamy,27kg MOP/acre,0,0,27,0,0
Wheat,Tillering,24,21,9,6.4,0.8,32,92,Sandy Loam,33kg DAP/acre,0,33,0,0,0
Rice,Vegetative,23,7,30,5.7,0.74,21,88,Alluvial,34kg MOP/acre,0,0,34,0,0
Mustard,Flowering,67,24,30,6.3,1.46,28,51,Sandy Loam,24kg SSP + 35kg Urea/acre,35,0,0,24,0
Maize,Vegetative,52,48,18,7.7,0.75,19,93,Sandy Loam,21kg MOP + 55kg SSP/acre,0,0,21,55,0
Mustard,Sowing,39,18,49,7.8,0.77,26,42,Loamy,30kg Urea/acre,30,0,0,0,0
Mustard,Flowering,16,27,42,6.9,0.71,31,49,Sandy Loam,31kg SSP + 50kg Urea/acre,50,0,0,31,0
Rice,Grain Fill,59,8,25,8.0,1.43,27,41,Alluvial,36kg MOP + 30kg Urea/acre,30,0,36,0,0
Maize,Sowing,15,14,28,5.5,1.09,33,45,Alluvial,37kg Urea/acre,37,0,0,0,0
Cotton,Flowering,32,11,10,6.8,1.25,20,76,Sandy Loam,45kg MOP + 27kg DAP + 23kg Urea/acre,23,27,45,0,0
Wheat,Grain Fill,33,28,33,7.8,0.5,21,29,Loamy,43kg Urea + 42kg DAP + 34kg MOP/acre,43,42,34,0,0
Cotton,Vegetative,78,24,18,6.7,1.21,34,101,Clay Loam,22kg Urea + 52kg MOP/acre,22,0,52,0,0
Mustard,Vegetative,45,40,6,7.5,0.74,38,23,Black Soil,44kg Urea/acre,44,0,0,0,0
Rice,Grain Fill,79,42,45,7.0,1.12,29,56,Sandy Loam,59kg MOP + 44kg Urea/acre,44,0,59,0,0
Wheat,Flowering,39,12,7,8.0,0.58,27,67,Loamy,51kg Urea + 48kg MOP + 21kg DAP/acre,51,21,48,0,0
Rice,Grain Fill,68,42,49,6.1,0.46,25,6,Clay Loam,23kg Urea + 30kg MOP + 44kg DAP/acre,23,44,30,0,0
Mustard,Flowering,23,37,42,7.6,0.47,18,75,Alluvial,25kg Urea/acre,25,0,0,0,0
Rice,Flowering,51,42,36,6.9,1.22,28,63,Loamy,47kg DAP + 22kg MOP + 55kg Urea/acre,55,47,22,0,0
Mustard,Sowing,10,35,36,7.6,0.44,26,105,Loamy,51kg Urea + 30kg SSP/acre,51,0,0,30,0
Mustard,Vegetative,63,45,16,5.7,1.13,32,25,Loamy,38kg Urea + 28kg SSP/acre,38,0,0,28,0
Cotton,Boll Formation,46,36,38,7.0,0.45,19,93,Loamy,21kg DAP + 56kg Urea/acre,56,21,0,0,0
Maize,Vegetative,41,26,7,6.8,1.37,34,51,Clay Loam,54kg Urea/acre,54,0,0,0,0
Mustard,Vegetative,67,19,27,5.8,0.86,33,43,Alluvial,37kg Urea/acre,37,0,0,0,0
Maize,Flowering,62,38,43,7.4,0.89,37,86,Black Soil,52kg MOP/acre,0,0,52,0,0
Rice,Sowing,25,40,44,7.4,0.49,30,55,Black Soil,22kg Urea + 50kg MOP + 24kg DAP/acre,22,24,50,0,0
Wheat,Tillering,72,15,37,7.6,0.53,20,82,Loamy,53kg Urea/acre,53,0,0,0,0
Rice,Sowing,40,36,14,7.9,1.3,34,95,Loamy,60kg Urea + 29kg DAP/acre,60,29,0,0,0
Rice,Grain Fill,70,45,35,5.9,0.49,33,22,Clay Loam,45kg DAP/acre,0,45,0,0,0
Rice,Sowing,26,47,45,7.8,1.33,35,14,Sandy Loam,29kg Urea + 52kg MOP + 40kg DAP/acre,29,40,52,0,0
Wheat,Tillering,39,9,9,5.8,0.75,37,18,Sandy Loam,40kg MOP + 27kg Urea/acre,27,0,40,0,0
Maize,Flowering,20,47,34,7.0,1.38,30,106,Clay Loam,39kg SSP + 42kg Urea/acre,42,0,0,39,0
Cotton,Vegetative,54,8,32,6.0,1.05,38,108,Loamy,55kg Urea + 31kg DAP + 60kg MOP/acre,55,31,60,0,0
Maize,Vegetative,80,23,37,6.8,0.45,18,115,Black Soil,59kg SSP + 58kg MOP/acre,0,0,58,59,0
Maize,Grain Fill,58,35,17,7.9,1.18,27,23,Alluvial,24kg Urea + 48kg SSP/acre,24,0,0,48,0
Cotton,Boll Formation,63,49,30,6.9,0.51,19,1,Clay Loam,33kg Urea/acre,33,0,0,0,0
Cotton,Sowing,51,25,50,7.4,0.78,18,8,Sandy Loam,56kg DAP + 26kg Urea + 44kg MOP/acre,26,56,44,0,0
Maize,Flowering,10,35,50,5.5,0.88,25,2,Clay Loam,39kg MOP/acre,0,0,39,0,0
Cotton,Sowing,71,46,29,7.5,1.23,35,22,Clay Loam,41kg MOP + 52kg DAP + 36kg Urea/acre,36,52,41,0,0
Rice,Sowing,13,16,39,5.9,0.99,25,82,Sandy Loam,50kg Urea/acre,50,0,0,0,0
Cotton,Sowing,38,46,26,6.8,0.94,33,73,Sandy Loam,53kg Urea + 50kg MOP/acre,53,0,50,0,0
Mustard,Vegetative,74,36,41,7.2,0.7,20,85,Alluvial,30kg Urea/acre,30,0,0,0,0
Maize,Sowing,30,18,40,7.5,1.22,34,99,Black Soil,60kg Urea + 59kg MOP/acre,60,0,59,0,0
Mustard,Flowering,72,30,14,7.1,1.5,22,4,Clay Loam,50kg Urea/acre,50,0,0,0,0
Mustard,Vegetative,41,43,32,5.9,0.78,21,34,Alluvial,33kg SSP + 58kg Urea/acre,58,0,0,33,0
Cotton,Vegetative,80,39,30,6.5,0.4,27,42,Alluvial,45kg Urea/acre,45,0,0,0,0
Mustard,Vegetative,13,37,34,6.4,1.41,36,91,Sandy Loam,58kg SSP/acre,0,0,0,58,0
Wheat,Grain Fill,59,26,41,6.1,0.82,27,77,Sandy Loam,44kg DAP + 49kg MOP/acre,0,44,49,0,0
Cotton,Boll Formation,79,34,31,7.5,0.6,32,4,Sandy Loam,39kg DAP/acre,0,39,0,0,0
Wheat,Grain Fill,56,42,40,7.2,1.49,30,57,Loamy,24kg DAP/acre,0,24,0,0,0
Maize,Grain Fill,10,28,41,6.0,0.34,34,22,Sandy Loam,27kg SSP + 32kg Urea + 39kg MOP/acre,32,0,39,27,0
Mustard,Vegetative,44,26,44,6.1,0.9,23,91,Alluvial,20kg SSP/acre,0,0,0,20,0
Cotton,Flowering,26,47,17,7.6,1.12,20,46,Black Soil,26kg MOP + 41kg DAP + 46kg Urea/acre,46,41,26,0,0
Mustard,Flowering,68,7,26,7.5,1.06,23,2,Loamy,52kg SSP + 32kg Urea/acre,32,0,0,52,0
Maize,Vegetative,34,26,22,6.8,0.82,35,107,Sandy Loam,26kg MOP + 60kg Urea/acre,60,0,26,0,0
Wheat,Tillering,40,19,17,6.8,1.0,28,99,Sandy Loam,41kg DAP + 49kg Urea/acre,49,41,0,0,0
Maize,Grain Fill,12,49,42,6.3,0.9,20,111,Black Soil,29kg SSP + 33kg Urea + 36kg MOP/acre,33,0,36,29,0
Maize,Vegetative,20,28,43,7.2,1.19,20,58,Sandy Loam,56kg MOP + 34kg SSP + 25kg Urea/acre,25,0,56,34,0
Cotton,Sowing,38,41,26,7.9,1.39,33,68,Clay Loam,51kg DAP + 50kg MOP + 60kg Urea/acre,60,51,50,0,0
Rice,Flowering,36,20,23,7.9,1.47,31,81,Black Soil,33kg DAP + 43kg MOP/acre,0,33,43,0,0
Wheat,Flowering,63,23,31,7.2,0.32,30,3,Black Soil,58kg Urea + 42kg MOP + 60kg DAP/acre,58,60,42,0,0
Cotton,Boll Formation,32,16,20,7.1,1.38,30,88,Loamy,43kg Urea/acre,43,0,0,0,0
Maize,Vegetative,39,22,30,6.2,1.12,26,5,Alluvial,32kg SSP + 37kg MOP/acre,0,0,37,32,0
Mustard,Sowing,11,20,14,6.3,0.45,19,75,Alluvial,43kg SSP/acre,0,0,0,43,0
Mustard,Flowering,32,15,32,7.1,1.08,24,114,Sandy Loam,48kg SSP/acre,0,0,0,48,0
Mustard,Vegetative,50,40,13,7.6,1.43,29,50,Loamy,28kg Urea + 58kg SSP/acre,28,0,0,58,0
Maize,Grain Fill,33,25,25,5.7,1.33,38,48,Sandy Loam,57kg SSP/acre,0,0,0,57,0
Mustard,Flowering,20,5,44,6.9,0.59,25,31,Black Soil,54kg Urea + 38kg SSP/acre,54,0,0,38,0
Rice,Grain Fill,80,17,20,6.8,1.24,19,5,Clay Loam,29kg MOP/acre,0,0,29,0,0
Rice,Grain Fill,35,9,14,6.2,0.37,18,76,Black Soil,45kg MOP + 30kg Urea + 24kg DAP/acre,30,24,45,0,0
Rice,Grain Fill,47,8,41,7.7,1.32,19,34,Black Soil,57kg Urea + 33kg MOP/acre,57,0,33,0,0
Cotton,Vegetative,35,45,9,7.4,0.9,28,33,Black Soil,34kg Urea/acre,34,0,0,0,0
Mustard,Flowering,63,29,21,6.2,0.35,24,16,Alluvial,36kg Urea + 58kg SSP/acre,36,0,0,58,0
Rice,Vegetative,25,36,8,6.8,0.98,35,95,Alluvial,58kg Urea + 44kg DAP + 40kg MOP/acre,58,44,40,0,0
Mustard,Sowing,62,21,31,6.9,1.39,32,35,Sandy Loam,30kg SSP + 33kg Urea/acre,33,0,0,30,0
Rice,Sowing,61,27,37,6.1,1.28,25,69,Alluvial,39kg DAP/acre,0,39,0,0,0
Mustard,Flowering,29,13,26,7.3,1.25,28,104,Sandy Loam,29kg SSP + 36kg Urea/acre,36,0,0,29,0
Rice,Vegetative,78,29,36,7.4,0.52,29,115,Sandy Loam,31kg DAP + 59kg Urea + 45kg MOP/acre,59,31,45,0,0
Rice,Sowing,66,43,25,7.9,0.41,32,18,Sandy Loam,54kg DAP + 47kg Urea/acre,47,54,0,0,0
Cotton,Sowing,77,18,20,7.1,0.82,23,103,Alluvial,30kg Urea + 60kg MOP + 21kg DAP/acre,30,21,60,0,0
Rice,Vegetative,77,38,33,6.1,0.58,32,41,Sandy Loam,21kg DAP/acre,0,21,0,0,0
Wheat,Tillering,80,5,43,7.6,1.28,25,25,Alluvial,29kg Urea/acre,29,0,0,0,0
Maize,Grain Fill,67,11,27,7.1,0.85,29,91,Black Soil,20kg MOP + 39kg Urea + 22kg SSP/acre,39,0,20,22,0
Wheat,Tillering,71,14,24,7.0,0.36,31,26,Black Soil,33kg DAP + 39kg Urea + 39kg MOP/acre,39,33,39,0,0
Wheat,Flowering,60,30,42,7.9,0.69,24,44,Clay Loam,55kg MOP + 26kg Urea/acre,26,0,55,0,0
Mustard,Flowering,36,21,25,8.0,1.29,23,44,Alluvial,22kg Urea/acre,22,0,0,0,0
Wheat,Flowering,14,48,27,7.9,1.3,25,28,Loamy,46kg DAP/acre,0,46,0,0,0
Cotton,Flowering,34,5,10,7.6,0.55,36,93,Sandy Loam,25kg Urea + 49kg MOP + 58kg DAP/acre,25,58,49,0,0
Rice,Vegetative,22,11,48,6.1,0.47,19,88,Loamy,25kg DAP/acre,0,25,0,0,0
Wheat,Grain Fill,29,24,30,7.2,0.98,24,7,Clay Loam,21kg MOP/acre,0,0,21,0,0
Cotton,Sowing,58,49,50,7.6,1.19,28,49,Clay Loam,22kg MOP + 58kg Urea/acre,58,0,22,0,0
Mustard,Sowing,69,23,48,7.1,0.49,27,34,Sandy Loam,41kg Urea/acre,41,0,0,0,0
Cotton,Boll Formation,24,34,46,7.9,0.72,31,24,Black Soil,58kg DAP + 47kg Urea/acre,47,58,0,0,0
Wheat,Flowering,64,14,49,7.7,0.39,21,55,Loamy,23kg DAP/acre,0,23,0,0,0
Rice,Grain Fill,42,15,43,6.4,1.22,27,106,Loamy,32kg Urea + 50kg DAP + 46kg MOP/acre,32,50,46,0,0
Maize,Grain Fill,12,12,20,5.6,0.41,25,19,Black Soil,55kg SSP + 21kg Urea + 60kg MOP/acre,21,0,60,55,0
Maize,Vegetative,64,14,31,7.1,1.31,22,22,Sandy Loam,48kg SSP + 30kg MOP/acre,0,0,30,48,0
Wheat,Grain Fill,68,9,38,7.3,1.18,33,70,Black Soil,33kg Urea + 40kg DAP + 50kg MOP/acre,33,40,50,0,0
Mustard,Vegetative,34,18,48,6.4,0.83,21,9,Alluvial,41kg SSP + 42kg Urea/acre,42,0,0,41,0
Rice,Flowering,19,48,9,6.9,0.72,31,114,Alluvial,44kg DAP + 42kg MOP/acre,0,44,42,0,0
Maize,Flowering,67,35,39,7.9,0.76,23,99,Loamy,41kg Urea + 31kg SSP/acre,41,0,0,31,0
Rice,Sowing,50,42,48,5.6,0.73,29,4,Black Soil,44kg DAP + 25kg MOP + 39kg Urea/acre,39,44,25,0,0
Maize,Sowing,56,10,42,7.7,0.66,34,25,Loamy,36kg MOP + 24kg Urea + 39kg SSP/acre,24,0,36,39,0
Wheat,Grain Fill,12,33,9,6.1,0.76,32,5,Black Soil,21kg MOP + 43kg Urea/acre,43,0,21,0,0
Mustard,Vegetative,21,14,42,6.0,1.42,34,20,Black Soil,31kg SSP/acre,0,0,0,31,0
Cotton,Vegetative,61,8,34,7.7,1.36,23,39,Black Soil,39kg MOP/acre,0,0,39,0,0
Maize,Vegetative,43,30,45,5.5,0.79,34,15,Loamy,23kg SSP + 37kg MOP + 26kg Urea/acre,26,0,37,23,0
Cotton,Sowing,34,21,18,7.6,0.4,34,109,Clay Loam,43kg MOP + 36kg DAP/acre,0,36,43,0,0
Maize,Grain Fill,14,16,21,7.6,1.15,36,111,Black Soil,51kg SSP + 48kg Urea/acre,48,0,0,51,0
Maize,Grain Fill,24,26,31,6.5,0.33,25,41,Clay Loam,44kg MOP + 56kg SSP/acre,0,0,44,56,0
Rice,Grain Fill,10,11,26,7.3,1.49,25,50,Black Soil,34kg DAP/acre,0,34,0,0,0
Rice,Sowing,56,8,8,6.6,1.21,28,84,Alluvial,45kg DAP/acre,0,45,0,0,0
Mustard,Sowing,28,44,37,5.8,0.36,28,82,Sandy Loam,23kg SSP/acre,0,0,0,23,0
Rice,Grain Fill,10,7,5,6.6,0.57,32,18,Black Soil,47kg DAP/acre,0,47,0,0,0
Wheat,Grain Fill,20,38,39,7.8,0.84,25,72,Alluvial,49kg DAP/acre,0,49,0,0,0
Rice,Grain Fill,62,8,38,7.9,0.75,33,3,Alluvial,38kg DAP + 60kg MOP + 37kg Urea/acre,37,38,60,0,0
Maize,Grain Fill,64,41,8,6.5,0.81,30,40,Sandy Loam,40kg MOP + 35kg SSP/acre,0,0,40,35,0
Rice,Grain Fill,66,18,10,6.6,0.77,33,33,Clay Loam,48kg MOP + 33kg DAP + 52kg Urea/acre,52,33,48,0,0
Rice,Sowing,24,31,24,7.3,1.32,36,7,Clay Loam,30kg Urea + 49kg DAP/acre,30,49,0,0,0
Cotton,Boll Formation,24,19,24,7.1,1.0,35,42,Alluvial,48kg Urea/acre,48,0,0,0,0
Maize,Flowering,29,34,37,6.6,0.44,22,103,Sandy Loam,21kg MOP + 50kg Urea/acre,50,0,21,0,0
Mustard,Vegetative,60,10,32,7.5,0.61,32,113,Clay Loam,58kg Urea + 42kg SSP/acre,58,0,0,42,0
Maize,Grain Fill,46,39,16,5.8,0.39,22,7,Alluvial,20kg MOP/acre,0,0,20,0,0
Wheat,Tillering,40,44,26,5.7,0.96,30,31,Sandy Loam,37kg Urea + 46kg MOP/acre,37,0,46,0,0
Rice,Grain Fill,12,12,46,7.3,1.01,30,65,Sandy Loam,28kg MOP/acre,0,0,28,0,0
Mustard,Vegetative,49,15,21,5.5,1.17,33,12,Sandy Loam,56kg SSP/acre,0,0,0,56,0
Wheat,Flowering,54,46,14,6.4,1.01,32,27,Clay Loam,45kg DAP + 43kg MOP/acre,0,45,43,0,0
Rice,Vegetative,28,7,25,7.7,1.49,33,105,Alluvial,55kg DAP/acre,0,55,0,0,0
Cotton,Flowering,71,11,5,7.2,1.04,36,47,Alluvial,47kg Urea + 27kg DAP/acre,47,27,0,0,0
Mustard,Vegetative,24,20,21,5.5,0.49,24,47,Clay Loam,48kg Urea + 21kg SSP/acre,48,0,0,21,0
Rice,Flowering,58,24,5,6.9,0.78,20,30,Clay Loam,37kg MOP + 21kg Urea + 48kg DAP/acre,21,48,37,0,0
Maize,Grain Fill,65,24,31,7.1,0.39,26,95,Black Soil,26kg MOP + 45kg SSP/acre,0,0,26,45,0
Mustard,Flowering,12,20,26,6.3,0.7,26,34,Black Soil,60kg SSP + 51kg Urea/acre,51,0,0,60,0
Mustard,Sowing,67,5,13,7.0,1.33,26,109,Clay Loam,52kg Urea + 40kg SSP/acre,52,0,0,40,0
Mustard,Flowering,15,7,27,6.7,0.83,20,37,Alluvial,24kg Urea/acre,24,0,0,0,0
Mustard,Flowering,37,43,31,6.2,1.39,28,80,Black Soil,27kg Urea + 39kg SSP/acre,27,0,0,39,0
Maize,Vegetative,73,25,32,6.3,0.84,31,75,Black Soil,36kg Urea/acre,36,0,0,0,0
Rice,Grain Fill,16,7,19,6.9,0.56,28,77,Loamy,49kg DAP + 29kg Urea/acre,29,49,0,0,0
Mustard,Flowering,44,37,50,7.8,0.87,30,27,Alluvial,45kg SSP/acre,0,0,0,45,0
Mustard,Vegetative,51,6,41,7.2,0.94,26,80,Clay Loam,42kg Urea/acre,42,0,0,0,0
Cotton,Vegetative,12,28,10,5.6,1.32,33,62,Sandy Loam,30kg DAP + 30kg Urea/acre,30,30,0,0,0
Mustard,Vegetative,61,49,23,7.1,0.71,26,99,Alluvial,48kg SSP/acre,0,0,0,48,0
Cotton,Boll Formation,27,17,27,5.7,0.67,28,110,Sandy Loam,28kg DAP + 34kg MOP/acre,0,28,34,0,0
Rice,Sowing,58,14,42,5.5,1.06,37,48,Clay Loam,25kg MOP + 33kg Urea + 55kg DAP/acre,33,55,25,0,0
Maize,Flowering,17,29,43,5.8,0.55,35,113,Loamy,50kg Urea + 20kg MOP + 28kg SSP/acre,50,0,20,28,0
Maize,Vegetative,71,39,22,7.8,0.47,22,42,Alluvial,21kg MOP/acre,0,0,21,0,0
Maize,Flowering,74,49,38,6.9,0.39,28,40,Black Soil,52kg SSP/acre,0,0,0,52,0
Rice,Flowering,17,19,35,5.9,1.28,38,49,Loamy,58kg Urea + 53kg MOP + 29kg DAP/acre,58,29,53,0,0
Rice,Sowing,15,8,46,6.2,0.93,33,110,Clay Loam,32kg DAP/acre,0,32,0,0,0
Rice,Vegetative,30,34,22,7.3,0.84,38,9,Loamy,42kg DAP + 53kg MOP/acre,0,42,53,0,0
Mustard,Flowering,64,18,30,5.8,0.49,30,52,Sandy Loam,26kg Urea/acre,26,0,0,0,0
Cotton,Boll Formation,66,22,11,7.2,1.14,37,78,Clay Loam,59kg Urea + 42kg MOP + 45kg DAP/acre,59,45,42,0,0
Cotton,Sowing,67,24,23,7.5,0.72,35,57,Alluvial,55kg MOP + 57kg Urea + 59kg DAP/acre,57,59,55,0,0
Wheat,Flowering,67,6,8,7.8,1.21,38,32,Loamy,38kg Urea + 24kg DAP + 26kg MOP/acre,38,24,26,0,0
Mustard,Flowering,18,5,43,6.1,0.37,22,16,Alluvial,24kg Urea/acre,24,0,0,0,0
Wheat,Flowering,42,30,43,6.2,1.24,32,83,Alluvial,56kg MOP + 30kg DAP + 47kg Urea/acre,47,30,56,0,0
Maize,Sowing,28,34,33,6.3,1.0,23,84,Loamy,53kg SSP + 44kg Urea + 23kg MOP/acre,44,0,23,53,0
Wheat,Tillering,33,39,39,6.9,0.72,37,12,Loamy,27kg Urea + 45kg MOP/acre,27,0,45,0,0
Rice,Sowing,10,47,48,7.6,1.03,38,28,Sandy Loam,37kg DAP + 23kg Urea + 35kg MOP/acre,23,37,35,0,0
Mustard,Sowing,11,32,16,7.9,0.34,23,33,Loamy,24kg Urea/acre,24,0,0,0,0
Cotton,Sowing,42,23,14,6.3,0.48,24,1,Loamy,49kg Urea + 20kg DAP/acre,49,20,0,0,0
Rice,Vegetative,60,16,15,7.2,0.46,26,29,Clay Loam,42kg DAP/acre,0,42,0,0,0
Mustard,Sowing,54,12,23,7.0,0.56,25,48,Sandy Loam,53kg Urea + 38kg SSP/acre,53,0,0,38,0
Mustard,Sowing,44,15,9,6.4,1.16,24,69,Alluvial,54kg Urea/acre,54,0,0,0,0
Cotton,Flowering,79,22,14,6.4,0.3,19,120,Loamy,34kg MOP/acre,0,0,34,0,0
Rice,Vegetative,38,26,38,7.9,0.65,38,46,Alluvial,22kg Urea + 56kg DAP/acre,22,56,0,0,0
Mustard,Flowering,77,50,41,6.1,1.17,35,60,Loamy,46kg SSP + 42kg Urea/acre,42,0,0,46,0
Mustard,Vegetative,72,29,39,7.6,1.49,28,118,Sandy Loam,25kg Urea + 59kg SSP/acre,25,0,0,59,0
Mustard,Vegetative,36,6,48,7.3,0.33,20,69,Black Soil,30kg Urea/acre,30,0,0,0,0
Cotton,Boll Formation,51,25,24,7.5,1.44,33,91,Black Soil,52kg Urea + 31kg DAP/acre,52,31,0,0,0
Rice,Sowing,31,40,34,7.3,0.92,20,111,Clay Loam,20kg MOP + 24kg Urea/acre,24,0,20,0,0
Mustard,Sowing,23,43,9,6.2,1.16,22,57,Alluvial,39kg SSP/acre,0,0,0,39,0
Maize,Grain Fill,25,28,21,7.9,0.58,18,101,Loamy,23kg Urea + 23kg SSP/acre,23,0,0,23,0
Maize,Grain Fill,71,21,16,6.5,0.91,19,15,Clay Loam,32kg MOP + 37kg SSP + 53kg Urea/acre,53,0,32,37,0
Wheat,Grain Fill,14,32,7,5.6,0.63,24,83,Black Soil,32kg Urea/acre,32,0,0,0,0
Rice,Grain Fill,77,14,41,7.0,0.4,22,70,Sandy Loam,46kg Urea/acre,46,0,0,0,0
Mustard,Vegetative,74,12,39,6.0,1.08,37,115,Sandy Loam,24kg SSP + 20kg Urea/acre,20,0,0,24,0
Wheat,Tillering,12,39,44,7.0,0.39,28,65,Black Soil,25kg Urea + 47kg DAP + 30kg MOP/acre,25,47,30,0,0
Mustard,Vegetative,79,47,6,6.5,0.61,32,110,Loamy,35kg Urea + 44kg SSP/acre,35,0,0,44,0
Wheat,Sowing,29,13,10,7.4,1.4,32,57,Sandy Loam,41kg MOP + 53kg DAP/acre,0,53,41,0,0
Mustard,Sowing,34,28,18,6.8,1.37,24,72,Loamy,21kg SSP + 35kg Urea/acre,35,0,0,21,0
Wheat,Sowing,35,15,23,5.8,1.19,32,41,Black Soil,55kg DAP + 55kg MOP + 32kg Urea/acre,32,55,55,0,0
Wheat,Flowering,75,11,5,6.3,0.37,32,17,Alluvial,30kg MOP + 54kg Urea + 28kg DAP/acre,54,28,30,0,0
Cotton,Sowing,72,16,37,7.7,0.67,23,52,Sandy Loam,27kg DAP + 34kg MOP + 49kg Urea/acre,49,27,34,0,0
Mustard,Flowering,29,15,37,7.5,0.55,38,114,Alluvial,37kg SSP + 30kg Urea/acre,30,0,0,37,0
Rice,Sowing,15,46,18,7.2,0.69,31,64,Alluvial,30kg MOP/acre,0,0,30,0,0
Rice,Grain Fill,67,13,47,5.9,0.45,22,41,Sandy Loam,23kg Urea + 59kg MOP/acre,23,0,59,0,0
Cotton,Boll Formation,23,36,46,7.0,1.33,22,16,Alluvial,46kg Urea + 31kg DAP + 26kg MOP/acre,46,31,26,0,0
Cotton,Flowering,67,20,50,6.1,0.44,24,3,Black Soil,59kg DAP + 41kg Urea + 37kg MOP/acre,41,59,37,0,0
Cotton,Vegetative,24,34,12,5.8,0.89,36,87,Clay Loam,55kg DAP + 46kg MOP/acre,0,55,46,0,0
Cotton,Boll Formation,56,9,24,6.9,0.48,24,2,Black Soil,37kg MOP/acre,0,0,37,0,0
Maize,Grain Fill,10,42,33,6.2,1.25,20,34,Clay Loam,39kg MOP + 42kg SSP/acre,0,0,39,42,0
Rice,Vegetative,14,5,10,6.8,0.74,18,87,Black Soil,42kg DAP + 54kg Urea + 52kg MOP/acre,54,42,52,0,0
Wheat,Flowering,41,33,6,5.8,1.3,31,89,Black Soil,44kg DAP/acre,0,44,0,0,0
Wheat,Tillering,79,27,31,6.4,0.4,18,27,Sandy Loam,22kg DAP + 52kg Urea/acre,52,22,0,0,0
Mustard,Sowing,18,46,14,6.7,1.31,37,64,Clay Loam,27kg Urea + 28kg SSP/acre,27,0,0,28,0
Rice,Vegetative,17,32,20,6.7,1.02,25,64,Alluvial,45kg Urea + 37kg MOP/acre,45,0,37,0,0
Rice,Grain Fill,48,5,49,7.5,0.75,20,9,Black Soil,60kg Urea + 21kg MOP/acre,60,0,21,0,0
Rice,Sowing,36,45,50,7.8,0.46,33,111,Alluvial,51kg MOP + 34kg DAP + 22kg Urea/acre,22,34,51,0,0
Mustard,Flowering,52,31,47,6.3,0.72,18,112,Clay Loam,56kg SSP/acre,0,0,0,56,0
Maize,Flowering,60,15,35,7.9,0.8,25,26,Alluvial,59kg MOP + 52kg SSP + 48kg Urea/acre,48,0,59,52,0
Cotton,Sowing,41,38,10,6.5,0.61,33,90,Alluvial,33kg Urea + 46kg MOP/acre,33,0,46,0,0
Rice,Sowing,34,37,29,6.8,1.04,30,15,Black Soil,29kg MOP + 59kg DAP/acre,0,59,29,0,0
Wheat,Grain Fill,43,36,31,7.1,0.73,18,10,Alluvial,23kg MOP + 55kg DAP/acre,0,55,23,0,0
Wheat,Tillering,33,27,19,6.5,0.42,29,94,Clay Loam,40kg Urea + 35kg MOP + 44kg DAP/acre,40,44,35,0,0
Rice,Vegetative,75,47,18,7.6,1.23,29,41,Alluvial,60kg DAP + 49kg Urea/acre,49,60,0,0,0
Cotton,Sowing,40,41,49,5.9,0.63,22,5,Alluvial,57kg DAP + 36kg Urea/acre,36,57,0,0,0
Rice,Sowing,22,49,32,7.9,1.27,28,63,Clay Loam,58kg Urea/acre,58,0,0,0,0
Mustard,Vegetative,48,21,16,7.5,1.2,27,116,Loamy,26kg Urea + 24kg SSP/acre,26,0,0,24,0
Rice,Grain Fill,68,14,43,7.3,0.86,24,104,Black Soil,36kg Urea/acre,36,0,0,0,0
Rice,Sowing,45,30,40,6.1,0.92,28,26,Clay Loam,51kg DAP/acre,0,51,0,0,0
Maize,Grain Fill,69,14,47,6.0,0.49,23,41,Sandy Loam,27kg Urea + 37kg MOP + 23kg SSP/acre,27,0,37,23,0
Wheat,Sowing,45,15,45,6.6,0.64,27,92,Clay Loam,57kg MOP + 57kg Urea + 33kg DAP/acre,57,33,57,0,0
Mustard,Flowering,22,21,36,5.6,0.44,35,41,Black Soil,30kg Urea + 59kg SSP/acre,30,0,0,59,0
Maize,Grain Fill,37,18,27,5.9,0.45,32,6,Loamy,45kg MOP + 29kg Urea + 20kg SSP/acre,29,0,45,20,0
Rice,Grain Fill,34,33,40,6.3,1.08,20,120,Alluvial,28kg DAP + 58kg MOP + 42kg Urea/acre,42,28,58,0,0
Wheat,Tillering,10,14,5,7.7,0.54,20,18,Clay Loam,34kg Urea/acre,34,0,0,0,0
Wheat,Grain Fill,68,6,29,6.7,1.01,37,96,Sandy Loam,43kg Urea/acre,43,0,0,0,0
Maize,Flowering,60,12,23,5.9,0.84,31,114,Sandy Loam,55kg SSP + 54kg Urea/acre,54,0,0,55,0
Rice,Vegetative,37,45,7,6.7,1.31,29,47,Loamy,48kg DAP/acre,0,48,0,0,0
Rice,Grain Fill,44,7,34,5.6,1.42,31,99,Loamy,53kg Urea/acre,53,0,0,0,0
Cotton,Boll Formation,15,19,6,6.4,1.16,36,46,Sandy Loam,21kg MOP + 26kg DAP + 59kg Urea/acre,59,26,21,0,0
Maize,Sowing,58,47,10,7.8,0.68,34,72,Loamy,60kg Urea + 51kg SSP/acre,60,0,0,51,0
Cotton,Boll Formation,65,45,19,7.7,0.3,20,71,Alluvial,31kg Urea + 31kg DAP/acre,31,31,0,0,0
Rice,Vegetative,34,7,33,6.6,1.42,19,75,Sandy Loam,40kg Urea + 48kg DAP/acre,40,48,0,0,0
Maize,Sowing,34,25,8,7.4,1.04,18,26,Alluvial,46kg Urea + 30kg SSP + 54kg MOP/acre,46,0,54,30,0
Wheat,Tillering,21,7,24,7.9,0.97,24,88,Black Soil,25kg MOP/acre,0,0,25,0,0
Cotton,Flowering,53,34,23,5.6,0.41,32,33,Black Soil,44kg MOP + 44kg DAP + 23kg Urea/acre,23,44,44,0,0
Wheat,Flowering,27,23,21,7.4,0.46,31,71,Black Soil,49kg Urea + 27kg MOP/acre,49,0,27,0,0
Mustard,Flowering,28,29,6,6.9,1.2,35,45,Alluvial,21kg Urea + 29kg SSP/acre,21,0,0,29,0
Wheat,Grain Fill,36,41,37,6.4,1.47,22,45,Black Soil,37kg DAP + 57kg Urea + 48kg MOP/acre,57,37,48,0,0
Cotton,Vegetative,41,42,27,7.6,1.07,33,17,Alluvial,23kg DAP/acre,0,23,0,0,0
Rice,Flowering,68,7,44,6.1,0.88,34,85,Black Soil,28kg DAP/acre,0,28,0,0,0
Maize,Flowering,68,6,7,7.1,0.77,20,59,Clay Loam,38kg SSP + 39kg Urea/acre,39,0,0,38,0
Mustard,Flowering,21,6,46,7.2,1.08,32,20,Clay Loam,33kg Urea/acre,33,0,0,0,0
Wheat,Grain Fill,69,14,32,6.1,0.95,22,96,Sandy Loam,46kg Urea/acre,46,0,0,0,0
Mustard,Vegetative,58,28,38,7.3,0.6,20,58,Black Soil,49kg Urea + 39kg SSP/acre,49,0,0,39,0
Cotton,Sowing,70,23,16,7.3,0.44,37,58,Clay Loam,27kg MOP/acre,0,0,27,0,0
Rice,Sowing,19,17,35,7.7,0.41,38,88,Clay Loam,47kg Urea + 35kg MOP/acre,47,0,35,0,0
Rice,Vegetative,24,27,20,5.5,1.48,33,39,Alluvial,50kg DAP/acre,0,50,0,0,0
Mustard,Vegetative,66,45,44,6.6,1.44,35,21,Black Soil,41kg Urea + 56kg SSP/acre,41,0,0,56,0
Rice,Grain Fill,13,45,47,6.2,0.66,32,17,Black Soil,21kg MOP + 55kg Urea/acre,55,0,21,0,0
Rice,Flowering,64,14,6,7.6,0.34,18,10,Clay Loam,39kg Urea + 52kg DAP + 54kg MOP/acre,39,52,54,0,0
Wheat,Sowing,26,50,39,7.1,1.08,38,63,Clay Loam,38kg MOP + 42kg DAP + 51kg Urea/acre,51,42,38,0,0
Maize,Vegetative,37,37,47,5.8,0.52,34,48,Clay Loam,20kg Urea + 25kg SSP/acre,20,0,0,25,0
Mustard,Vegetative,75,7,31,7.4,0.64,19,61,Loamy,43kg Urea + 46kg SSP/acre,43,0,0,46,0
Cotton,Sowing,79,14,46,7.5,0.98,26,24,Clay Loam,55kg DAP + 54kg Urea/acre,54,55,0,0,0
Wheat,Flowering,71,43,35,6.0,1.06,37,61,Loamy,57kg DAP + 21kg MOP + 44kg Urea/acre,44,57,21,0,0
Rice,Flowering,52,5,47,6.8,0.52,38,67,Sandy Loam,52kg MOP + 23kg Urea/acre,23,0,52,0,0
Maize,Sowing,43,27,34,7.1,1.16,38,104,Sandy Loam,59kg MOP/acre,0,0,59,0,0
Mustard,Flowering,79,39,29,6.6,1.33,35,23,Sandy Loam,23kg SSP + 36kg Urea/acre,36,0,0,23,0
Rice,Vegetative,25,31,15,6.3,0.67,24,107,Alluvial,47kg DAP + 24kg MOP + 27kg Urea/acre,27,47,24,0,0
Cotton,Flowering,40,33,49,5.6,0.93,26,70,Clay Loam,38kg Urea/acre,38,0,0,0,0
Mustard,Sowing,66,34,13,7.2,1.04,33,27,Loamy,45kg SSP/acre,0,0,0,45,0
Wheat,Sowing,42,50,44,7.3,1.25,20,25,Clay Loam,47kg DAP/acre,0,47,0,0,0
Wheat,Flowering,11,16,8,6.1,1.47,27,48,Sandy Loam,39kg Urea + 30kg DAP + 53kg MOP/acre,39,30,53,0,0
Wheat,Grain Fill,67,13,49,7.1,0.76,21,57,Black Soil,52kg Urea + 43kg MOP/acre,52,0,43,0,0
Rice,Grain Fill,74,23,25,6.5,1.4,35,105,Clay Loam,20kg DAP/acre,0,20,0,0,0
Wheat,Tillering,47,13,33,8.0,0.94,19,76,Alluvial,20kg MOP/acre,0,0,20,0,0
Maize,Sowing,12,44,13,6.0,1.36,21,95,Clay Loam,30kg SSP/acre,0,0,0,30,0
Wheat,Flowering,21,19,14,5.6,1.45,35,101,Clay Loam,42kg MOP + 45kg DAP/acre,0,45,42,0,0
Maize,Grain Fill,45,43,48,6.0,0.79,25,80,Loamy,53kg SSP + 37kg MOP/acre,0,0,37,53,0
Maize,Grain Fill,80,45,31,5.6,0.32,23,59,Clay Loam,57kg Urea/acre,57,0,0,0,0
Cotton,Vegetative,33,20,31,6.9,1.28,32,106,Alluvial,51kg MOP + 29kg DAP/acre,0,29,51,0,0
Rice,Flowering,35,16,50,6.3,0.51,34,66,Loamy,42kg DAP/acre,0,42,0,0,0
Mustard,Sowing,75,26,12,7.7,1.23,28,109,Black Soil,40kg Urea + 39kg SSP/acre,40,0,0,39,0
Mustard,Flowering,79,47,11,5.5,0.6,19,52,Alluvial,43kg SSP + 30kg Urea/acre,30,0,0,43,0
Wheat,Tillering,59,50,37,5.6,0.56,25,52,Clay Loam,49kg Urea + 46kg DAP + 44kg MOP/acre,49,46,44,0,0
Cotton,Flowering,62,30,20,7.6,1.42,22,100,Black Soil,35kg Urea + 55kg DAP + 60kg MOP/acre,35,55,60,0,0
Rice,Flowering,42,43,24,5.7,1.44,26,77,Clay Loam,34kg Urea + 57kg MOP/acre,34,0,57,0,0
Cotton,Vegetative,36,40,30,5.9,1.41,23,90,Black Soil,26kg MOP + 53kg Urea + 25kg DAP/acre,53,25,26,0,0
Wheat,Sowing,70,38,14,6.2,0.82,29,42,Alluvial,44kg DAP/acre,0,44,0,0,0
Maize,Grain Fill,62,39,18,6.8,0.41,25,42,Black Soil,46kg MOP + 54kg SSP/acre,0,0,46,54,0
Maize,Flowering,37,23,13,7.0,1.46,24,27,Alluvial,24kg MOP + 41kg Urea/acre,41,0,24,0,0
Rice,Grain Fill,25,39,11,7.2,1.13,28,102,Alluvial,26kg Urea + 43kg DAP + 58kg MOP/acre,26,43,58,0,0
Maize,Grain Fill,25,36,26,6.2,0.94,22,31,Alluvial,33kg SSP + 52kg MOP/acre,0,0,52,33,0
Maize,Sowing,76,49,35,5.9,0.94,34,72,Alluvial,36kg MOP + 54kg SSP/acre,0,0,36,54,0
Maize,Flowering,76,7,8,6.5,1.29,20,108,Alluvial,30kg SSP/acre,0,0,0,30,0
Cotton,Boll Formation,25,42,13,6.5,0.89,24,34,Sandy Loam,48kg Urea + 44kg MOP/acre,48,0,44,0,0
Maize,Sowing,34,22,45,6.5,1.0,22,94,Clay Loam,36kg Urea + 50kg MOP/acre,36,0,50,0,0
Wheat,Flowering,18,29,13,6.0,0.85,28,28,Clay Loam,46kg Urea + 57kg MOP + 56kg DAP/acre,46,56,57,0,0
Cotton,Vegetative,14,39,11,6.2,0.69,27,50,Alluvial,42kg DAP + 26kg MOP/acre,0,42,26,0,0
Maize,Sowing,20,14,12,6.1,1.4,18,17,Sandy Loam,46kg Urea + 54kg SSP + 39kg MOP/acre,46,0,39,54,0
Maize,Flowering,76,17,16,6.5,1.43,34,97,Sandy Loam,53kg MOP/acre,0,0,53,0,0
Cotton,Vegetative,32,37,9,7.4,1.27,20,65,Clay Loam,36kg MOP + 20kg DAP + 28kg Urea/acre,28,20,36,0,0
Maize,Grain Fill,16,12,32,7.2,0.69,28,20,Loamy,22kg SSP + 58kg MOP + 52kg Urea/acre,52,0,58,22,0
Wheat,Sowing,32,17,9,6.0,0.69,32,48,Clay Loam,54kg MOP + 43kg Urea + 56kg DAP/acre,43,56,54,0,0
Cotton,Vegetative,72,19,36,7.5,0.49,33,96,Alluvial,34kg DAP + 28kg Urea + 30kg MOP/acre,28,34,30,0,0
Rice,Flowering,13,5,38,6.5,0.4,36,49,Clay Loam,33kg MOP/acre,0,0,33,0,0
Cotton,Boll Formation,39,43,37,5.8,0.86,37,106,Loamy,23kg DAP + 48kg Urea/acre,48,23,0,0,0
Maize,Vegetative,17,8,32,5.8,1.24,36,72,Clay Loam,25kg Urea + 43kg SSP + 28kg MOP/acre,25,0,28,43,0
Maize,Grain Fill,41,7,17,6.8,1.36,25,62,Loamy,46kg Urea + 35kg MOP + 22kg SSP/acre,46,0,35,22,0
Cotton,Vegetative,47,45,26,5.9,1.34,35,40,Sandy Loam,31kg MOP/acre,0,0,31,0,0
Wheat,Sowing,65,44,20,6.3,1.14,28,120,Alluvial,44kg Urea + 48kg MOP + 41kg DAP/acre,44,41,48,0,0
Cotton,Sowing,11,6,31,8.0,0.52,32,41,Clay Loam,49kg MOP + 40kg DAP + 53kg Urea/acre,53,40,49,0,0
Cotton,Sowing,49,37,12,7.7,0.81,19,19,Sandy Loam,38kg MOP/acre,0,0,38,0,0
Mustard,Sowing,77,19,29,7.8,1.35,38,60,Sandy Loam,55kg Urea + 43kg SSP/acre,55,0,0,43,0
Rice,Sowing,26,32,9,7.6,1.3,30,18,Black Soil,31kg MOP + 39kg DAP + 54kg Urea/acre,54,39,31,0,0
Maize,Flowering,15,50,50,7.2,1.25,24,35,Clay Loam,55kg MOP/acre,0,0,55,0,0
Maize,Flowering,57,39,29,7.8,1.49,20,24,Loamy,34kg Urea + 53kg MOP/acre,34,0,53,0,0
Rice,Flowering,21,5,21,6.2,0.76,20,66,Black Soil,37kg DAP + 26kg Urea/acre,26,37,0,0,0
Wheat,Grain Fill,34,27,45,7.6,1.27,32,37,Black Soil,48kg Urea + 43kg MOP + 27kg DAP/acre,48,27,43,0,0
Rice,Grain Fill,55,6,43,5.5,1.05,24,83,Clay Loam,56kg DAP + 35kg Urea/acre,35,56,0,0,0
Wheat,Grain Fill,47,24,17,5.9,1.44,18,17,Sandy Loam,48kg Urea + 40kg DAP + 28kg MOP/acre,48,40,28,0,0
Maize,Flowering,51,12,36,6.1,1.4,35,80,Clay Loam,41kg MOP + 25kg Urea + 38kg SSP/acre,25,0,41,38,0
Maize,Sowing,42,10,5,7.7,0.93,27,39,Sandy Loam,46kg MOP + 26kg SSP + 23kg Urea/acre,23,0,46,26,0
Mustard,Vegetative,14,8,16,7.3,1.37,37,66,Sandy Loam,27kg Urea/acre,27,0,0,0,0
Maize,Sowing,49,14,29,7.4,1.03,35,114,Black Soil,39kg Urea/acre,39,0,0,0,0
Mustard,Vegetative,76,30,37,6.0,1.44,30,45,Alluvial,45kg SSP + 35kg Urea/acre,35,0,0,45,0
Maize,Sowing,44,5,34,6.8,1.03,24,102,Sandy Loam,21kg MOP/acre,0,0,21,0,0
Cotton,Flowering,11,30,25,5.5,1.27,35,71,Black Soil,38kg MOP + 34kg DAP + 40kg Urea/acre,40,34,38,0,0
Maize,Grain Fill,43,22,13,7.4,0.52,24,86,Clay Loam,34kg SSP + 34kg MOP + 31kg Urea/acre,31,0,34,34,0
Wheat,Grain Fill,59,47,39,6.2,1.31,31,108,Sandy Loam,46kg DAP/acre,0,46,0,0,0
Mustard,Sowing,33,49,44,6.2,1.38,35,101,Alluvial,30kg Urea + 55kg SSP/acre,30,0,0,55,0
Wheat,Tillering,42,19,26,7.8,1.5,25,91,Sandy Loam,37kg Urea + 47kg MOP/acre,37,0,47,0,0
Mustard,Sowing,64,9,12,5.7,0.77,32,23,Clay Loam,52kg Urea + 27kg SSP/acre,52,0,0,27,0
Maize,Flowering,30,7,24,6.8,0.53,36,92,Sandy Loam,33kg Urea/acre,33,0,0,0,0
Mustard,Sowing,68,9,25,7.6,1.29,37,83,Black Soil,42kg Urea + 21kg SSP/acre,42,0,0,21,0
Maize,Vegetative,79,33,24,7.5,1.35,24,37,Clay Loam,21kg SSP + 28kg Urea/acre,28,0,0,21,0
Cotton,Sowing,23,33,48,7.1,0.35,27,118,Sandy Loam,45kg DAP/acre,0,45,0,0,0
Rice,Sowing,51,10,5,7.4,1.34,23,44,Alluvial,36kg Urea + 21kg DAP/acre,36,21,0,0,0
Cotton,Vegetative,58,40,37,7.1,0.31,29,105,Alluvial,38kg Urea + 29kg MOP/acre,38,0,29,0,0
Rice,Flowering,63,21,35,6.4,0.61,33,25,Loamy,43kg MOP + 34kg Urea + 28kg DAP/acre,34,28,43,0,0
Mustard,Sowing,72,19,31,5.8,1.47,20,62,Loamy,34kg SSP + 49kg Urea/acre,49,0,0,34,0
Rice,Sowing,49,10,19,7.7,0.51,34,61,Alluvial,23kg DAP/acre,0,23,0,0,0
Cotton,Sowing,54,43,39,7.6,0.43,20,63,Alluvial,58kg MOP + 43kg Urea/acre,43,0,58,0,0
Cotton,Sowing,16,15,14,5.8,1.11,33,7,Clay Loam,29kg MOP + 45kg DAP + 33kg Urea/acre,33,45,29,0,0
Wheat,Grain Fill,64,23,48,7.6,0.45,32,72,Black Soil,33kg MOP/acre,0,0,33,0,0
Wheat,Flowering,32,23,25,7.7,1.26,21,76,Sandy Loam,21kg MOP + 49kg Urea/acre,49,0,21,0,0
Mustard,Vegetative,62,31,46,7.6,1.48,26,78,Alluvial,28kg Urea/acre,28,0,0,0,0
Wheat,Grain Fill,63,24,49,6.3,1.05,27,25,Clay Loam,26kg DAP + 26kg MOP + 46kg Urea/acre,46,26,26,0,0
Mustard,Sowing,49,9,14,7.2,1.23,28,38,Clay Loam,22kg Urea/acre,22,0,0,0,0
Cotton,Vegetative,48,11,41,5.7,0.51,32,112,Loamy,52kg MOP + 47kg Urea/acre,47,0,52,0,0
Mustard,Flowering,22,48,26,6.2,1.34,35,35,Loamy,53kg Urea/acre,53,0,0,0,0
Cotton,Vegetative,37,26,35,7.8,1.24,32,8,Loamy,47kg DAP + 51kg Urea/acre,51,47,0,0,0
Wheat,Tillering,76,46,30,6.6,0.79,37,85,Black Soil,41kg DAP/acre,0,41,0,0,0
Mustard,Flowering,28,30,10,6.4,1.0,26,31,Black Soil,43kg Urea/acre,43,0,0,0,0
Mustard,Flowering,24,27,31,7.0,1.03,23,35,Black Soil,56kg SSP/acre,0,0,0,56,0
Maize,Vegetative,74,39,10,7.8,0.83,23,67,Black Soil,40kg Urea + 47kg MOP + 26kg SSP/acre,40,0,47,26,0
Wheat,Flowering,15,8,15,6.3,1.33,25,34,Loamy,38kg Urea + 40kg MOP + 30kg DAP/acre,38,30,40,0,0
Mustard,Sowing,29,17,8,6.7,1.37,29,65,Clay Loam,31kg SSP/acre,0,0,0,31,0
Mustard,Vegetative,35,33,30,5.6,1.1,19,24,Sandy Loam,59kg Urea/acre,59,0,0,0,0
Maize,Vegetative,67,27,49,7.4,0.95,33,112,Clay Loam,43kg MOP + 38kg SSP/acre,0,0,43,38,0
Wheat,Tillering,27,47,19,5.9,0.65,33,68,Clay Loam,22kg Urea + 30kg MOP + 34kg DAP/acre,22,34,30,0,0
Rice,Vegetative,50,43,42,7.6,1.42,34,115,Clay Loam,22kg Urea + 23kg MOP + 36kg DAP/acre,22,36,23,0,0
Maize,Vegetative,23,37,33,7.0,0.79,35,17,Loamy,52kg Urea + 23kg MOP/acre,52,0,23,0,0
Wheat,Flowering,10,18,20,7.0,0.71,35,31,Sandy Loam,32kg MOP + 31kg Urea + 35kg DAP/acre,31,35,32,0,0
Mustard,Flowering,61,26,36,6.9,0.41,26,99,Alluvial,36kg SSP/acre,0,0,0,36,0
Wheat,Grain Fill,23,22,36,6.2,0.37,20,3,Sandy Loam,30kg DAP/acre,0,30,0,0,0
Rice,Vegetative,71,30,33,7.1,0.75,35,76,Black Soil,20kg MOP + 40kg DAP/acre,0,40,20,0,0
Cotton,Sowing,17,6,25,6.1,1.28,19,47,Black Soil,56kg DAP/acre,0,56,0,0,0
Mustard,Sowing,72,35,13,7.6,1.45,22,10,Loamy,46kg Urea/acre,46,0,0,0,0
Cotton,Sowing,72,7,41,7.6,0.82,29,77,Black Soil,39kg DAP + 37kg Urea/acre,37,39,0,0,0
Maize,Sowing,34,22,21,6.8,0.38,30,63,Black Soil,53kg Urea + 45kg SSP + 54kg MOP/acre,53,0,54,45,0
Mustard,Vegetative,11,48,43,6.5,0.5,32,5,Loamy,20kg Urea/acre,20,0,0,0,0
Rice,Sowing,33,5,10,6.8,1.06,35,78,Alluvial,36kg Urea/acre,36,0,0,0,0
Cotton,Flowering,27,5,30,7.2,0.93,29,3,Sandy Loam,50kg Urea + 25kg MOP + 40kg DAP/acre,50,40,25,0,0
Mustard,Sowing,64,22,41,7.8,0.94,26,19,Sandy Loam,24kg SSP + 38kg Urea/acre,38,0,0,24,0
Rice,Sowing,48,36,23,6.2,1.34,33,83,Alluvial,54kg Urea/acre,54,0,0,0,0
Mustard,Sowing,68,14,6,5.9,1.32,18,43,Loamy,56kg SSP + 59kg Urea/acre,59,0,0,56,0
Wheat,Flowering,35,27,37,6.4,0.5,22,98,Sandy Loam,46kg DAP + 21kg MOP/acre,0,46,21,0,0
Wheat,Sowing,12,22,28,6.2,0.44,28,14,Black Soil,50kg DAP/acre,0,50,0,0,0
Rice,Sowing,58,41,46,7.6,0.38,25,2,Loamy,48kg MOP/acre,0,0,48,0,0
Rice,Vegetative,41,35,21,7.7,0.44,24,119,Alluvial,26kg MOP + 58kg Urea/acre,58,0,26,0,0
Rice,Flowering,47,25,13,6.0,1.21,32,43,Sandy Loam,45kg DAP + 26kg MOP/acre,0,45,26,0,0
Wheat,Sowing,33,12,50,7.4,0.88,18,111,Sandy Loam,48kg Urea/acre,48,0,0,0,0
Wheat,Tillering,72,19,10,7.3,1.14,38,63,Black Soil,50kg Urea + 38kg MOP/acre,50,0,38,0,0
Maize,Vegetative,26,49,37,7.1,1.25,37,69,Sandy Loam,35kg MOP/acre,0,0,35,0,0
Mustard,Sowing,48,9,7,6.0,0.86,30,116,Loamy,53kg SSP + 41kg Urea/acre,41,0,0,53,0
Rice,Grain Fill,17,46,5,5.5,1.49,23,104,Sandy Loam,51kg DAP + 48kg MOP + 51kg Urea/acre,51,51,48,0,0
Mustard,Flowering,25,15,21,6.1,1.48,31,47,Alluvial,33kg SSP + 32kg Urea/acre,32,0,0,33,0
Mustard,Sowing,73,9,10,6.8,0.94,19,22,Clay Loam,51kg Urea + 23kg SSP/acre,51,0,0,23,0
Rice,Flowering,16,26,26,5.6,1.25,30,91,Loamy,41kg MOP/acre,0,0,41,0,0
Rice,Vegetative,59,23,23,7.8,0.82,35,9,Alluvial,40kg Urea + 21kg MOP/acre,40,0,21,0,0
Mustard,Flowering,70,50,23,7.6,0.32,32,74,Sandy Loam,39kg SSP + 48kg Urea/acre,48,0,0,39,0
Wheat,Flowering,46,24,40,7.2,0.3,25,81,Sandy Loam,24kg Urea + 54kg DAP + 45kg MOP/acre,24,54,45,0,0
Cotton,Flowering,73,35,46,7.2,1.02,31,11,Alluvial,30kg MOP + 60kg Urea/acre,60,0,30,0,0
Mustard,Flowering,24,38,7,5.9,0.57,21,98,Black Soil,28kg Urea/acre,28,0,0,0,0
Wheat,Flowering,69,29,39,5.9,1.09,30,60,Black Soil,26kg MOP + 56kg DAP + 34kg Urea/acre,34,56,26,0,0
Maize,Sowing,46,29,31,7.0,0.55,32,110,Sandy Loam,47kg SSP + 32kg Urea + 26kg MOP/acre,32,0,26,47,0
Mustard,Vegetative,54,18,45,7.9,0.4,27,104,Alluvial,36kg SSP + 44kg Urea/acre,44,0,0,36,0
Rice,Vegetative,35,40,48,6.7,1.14,21,39,Black Soil,38kg Urea/acre,38,0,0,0,0
Rice,Vegetative,45,7,25,5.8,1.35,18,93,Loamy,38kg DAP + 51kg Urea/acre,51,38,0,0,0
Wheat,Sowing,14,7,36,5.7,0.42,37,13,Loamy,47kg DAP + 48kg Urea + 50kg MOP/acre,48,47,50,0,0
Mustard,Flowering,79,12,35,7.0,1.09,37,13,Black Soil,41kg SSP/acre,0,0,0,41,0
Cotton,Boll Formation,14,8,33,7.2,0.42,34,54,Black Soil,30kg DAP + 34kg Urea + 30kg MOP/acre,34,30,30,0,0
Mustard,Sowing,37,22,38,7.4,0.39,35,42,Black Soil,28kg SSP + 47kg Urea/acre,47,0,0,28,0
Mustard,Flowering,57,38,5,6.4,0.86,33,19,Alluvial,32kg SSP + 22kg Urea/acre,22,0,0,32,0
Rice,Sowing,57,10,39,6.8,0.42,26,63,Black Soil,26kg DAP + 28kg Urea/acre,28,26,0,0,0
Cotton,Boll Formation,54,46,23,7.8,0.79,33,55,Sandy Loam,42kg DAP + 28kg MOP + 20kg Urea/acre,20,42,28,0,0
Maize,Vegetative,53,49,43,7.8,0.63,18,21,Alluvial,57kg SSP/acre,0,0,0,57,0
Wheat,Sowing,65,40,36,6.2,0.5,29,84,Loamy,59kg Urea/acre,59,0,0,0,0
Maize,Sowing,76,44,31,7.1,0.94,30,32,Loamy,50kg Urea + 36kg MOP/acre,50,0,36,0,0
Wheat,Tillering,32,44,45,5.9,0.58,34,25,Black Soil,27kg Urea + 21kg MOP/acre,27,0,21,0,0
Maize,Grain Fill,29,13,11,5.9,1.24,33,71,Clay Loam,26kg MOP + 51kg SSP/acre,0,0,26,51,0
Wheat,Grain Fill,17,41,13,7.3,1.19,20,114,Alluvial,53kg MOP + 38kg DAP/acre,0,38,53,0,0
Rice,Grain Fill,34,22,11,5.8,0.93,31,77,Clay Loam,49kg DAP + 36kg MOP + 41kg Urea/acre,41,49,36,0,0
Maize,Vegetative,43,35,38,5.7,0.68,21,60,Clay Loam,39kg MOP + 42kg Urea + 31kg SSP/acre,42,0,39,31,0
Rice,Flowering,41,33,9,7.8,0.9,21,79,Alluvial,28kg Urea + 38kg MOP + 25kg DAP/acre,28,25,38,0,0
Cotton,Vegetative,74,32,21,7.6,0.41,19,26,Sandy Loam,58kg Urea + 35kg DAP/acre,58,35,0,0,0
Wheat,Tillering,42,22,44,7.3,1.4,27,39,Loamy,53kg Urea + 39kg MOP/acre,53,0,39,0,0
Cotton,Boll Formation,65,6,43,6.8,0.4,23,120,Clay Loam,27kg Urea/acre,27,0,0,0,0
Rice,Flowering,79,8,48,6.8,1.0,26,60,Sandy Loam,21kg Urea + 22kg DAP + 21kg MOP/acre,21,22,21,0,0
Maize,Vegetative,46,28,18,7.8,1.43,19,95,Loamy,30kg MOP/acre,0,0,30,0,0
Cotton,Flowering,52,9,37,7.6,0.48,32,93,Alluvial,44kg MOP + 36kg DAP/acre,0,36,44,0,0
Mustard,Vegetative,37,21,40,5.9,1.4,26,57,Black Soil,48kg Urea/acre,48,0,0,0,0
Rice,Flowering,29,30,13,7.9,1.16,34,76,Clay Loam,44kg MOP + 58kg Urea + 45kg DAP/acre,58,45,44,0,0
Cotton,Vegetative,34,25,23,5.7,0.72,18,70,Clay Loam,38kg MOP + 23kg Urea + 49kg DAP/acre,23,49,38,0,0
Wheat,Grain Fill,60,16,37,7.8,0.52,18,116,Clay Loam,46kg DAP + 43kg MOP + 21kg Urea/acre,21,46,43,0,0
Mustard,Sowing,39,20,5,6.8,0.42,35,95,Clay Loam,46kg Urea + 33kg SSP/acre,46,0,0,33,0
Cotton,Vegetative,79,8,45,7.9,0.43,23,110,Alluvial,29kg Urea + 39kg MOP + 21kg DAP/acre,29,21,39,0,0
Wheat,Sowing,31,15,8,6.4,1.34,35,99,Alluvial,42kg DAP + 50kg MOP + 53kg Urea/acre,53,42,50,0,0
Maize,Flowering,58,41,44,5.8,0.52,29,4,Clay Loam,27kg Urea + 27kg SSP/acre,27,0,0,27,0
Rice,Vegetative,15,38,22,5.7,0.53,38,117,Alluvial,31kg MOP/acre,0,0,31,0,0
Mustard,Vegetative,54,8,50,7.4,0.41,25,96,Black Soil,40kg Urea + 50kg SSP/acre,40,0,0,50,0
Mustard,Flowering,11,18,35,6.7,1.25,20,87,Sandy Loam,53kg SSP + 58kg Urea/acre,58,0,0,53,0
Maize,Flowering,57,13,43,6.6,0.52,18,62,Sandy Loam,43kg SSP + 42kg Urea/acre,42,0,0,43,0
Rice,Flowering,28,33,36,7.8,0.51,20,109,Black Soil,32kg DAP + 32kg Urea + 44kg MOP/acre,32,32,44,0,0
Cotton,Vegetative,24,15,14,5.7,1.29,21,70,Sandy Loam,30kg DAP + 20kg Urea + 58kg MOP/acre,20,30,58,0,0
Maize,Vegetative,65,41,45,6.1,1.43,34,63,Loamy,31kg SSP/acre,0,0,0,31,0
Rice,Vegetative,26,9,16,7.4,1.39,28,7,Clay Loam,43kg Urea + 47kg DAP + 52kg MOP/acre,43,47,52,0,0
Mustard,Flowering,63,28,28,5.8,1.3,38,60,Clay Loam,40kg SSP/acre,0,0,0,40,0
Cotton,Boll Formation,65,23,37,7.7,0.62,32,103,Black Soil,44kg MOP + 57kg DAP + 51kg Urea/acre,51,57,44,0,0
Maize,Vegetative,62,7,27,6.9,1.29,38,101,Loamy,23kg SSP/acre,0,0,0,23,0
Maize,Sowing,29,38,7,6.5,1.23,29,36,Alluvial,23kg Urea + 28kg MOP/acre,23,0,28,0,0
Wheat,Sowing,80,21,19,5.5,1.12,20,105,Sandy Loam,55kg Urea/acre,55,0,0,0,0
Maize,Flowering,40,36,25,6.1,1.13,30,85,Black Soil,50kg MOP/acre,0,0,50,0,0
Mustard,Sowing,22,42,30,5.9,0.42,36,12,Black Soil,60kg Urea + 22kg SSP/acre,60,0,0,22,0
Mustard,Vegetative,62,44,7,7.6,0.49,35,2,Alluvial,52kg Urea/acre,52,0,0,0,0
Maize,Flowering,75,11,33,6.1,1.19,24,77,Alluvial,34kg SSP + 25kg Urea/acre,25,0,0,34,0
Rice,Flowering,58,43,25,5.9,1.13,27,87,Clay Loam,48kg DAP/acre,0,48,0,0,0
Maize,Grain Fill,73,28,30,8.0,0.37,20,99,Sandy Loam,48kg SSP/acre,0,0,0,48,0
Mustard,Vegetative,35,8,14,6.5,0.63,24,92,Black Soil,46kg SSP + 31kg Urea/acre,31,0,0,46,0
Cotton,Vegetative,21,19,48,5.6,0.66,38,97,Loamy,46kg MOP + 46kg Urea + 58kg DAP/acre,46,58,46,0,0
Rice,Flowering,17,47,50,7.2,0.7,29,45,Loamy,51kg MOP + 24kg Urea/acre,24,0,51,0,0
Maize,Vegetative,21,34,24,7.6,0.37,20,24,Black Soil,49kg Urea/acre,49,0,0,0,0
Wheat,Flowering,25,35,13,7.7,0.67,28,1,Black Soil,41kg DAP + 55kg MOP + 33kg Urea/acre,33,41,55,0,0
Wheat,Grain Fill,41,8,19,5.8,1.12,38,100,Loamy,25kg DAP + 54kg Urea + 24kg MOP/acre,54,25,24,0,0
Rice,Sowing,62,17,6,7.5,1.18,32,102,Sandy Loam,56kg MOP/acre,0,0,56,0,0
Wheat,Grain Fill,55,38,26,5.8,0.51,29,73,Alluvial,34kg MOP + 50kg DAP/acre,0,50,34,0,0
Cotton,Flowering,62,44,35,5.9,1.38,22,14,Sandy Loam,53kg MOP/acre,0,0,53,0,0
Rice,Flowering,74,6,9,6.7,0.8,27,105,Alluvial,41kg MOP + 47kg Urea + 37kg DAP/acre,47,37,41,0,0
Rice,Vegetative,61,16,20,6.6,0.58,24,76,Loamy,56kg DAP + 25kg MOP + 33kg Urea/acre,33,56,25,0,0
Mustard,Sowing,30,40,34,6.1,1.17,37,61,Clay Loam,43kg Urea + 36kg SSP/acre,43,0,0,36,0
Wheat,Sowing,80,50,12,5.7,0.73,28,47,Black Soil,31kg DAP/acre,0,31,0,0,0
Mustard,Vegetative,39,26,21,5.7,1.12,22,104,Clay Loam,54kg SSP + 27kg Urea/acre,27,0,0,54,0
Cotton,Vegetative,35,43,14,7.2,0.67,37,33,Sandy Loam,20kg DAP + 24kg Urea/acre,24,20,0,0,0
Cotton,Sowing,29,14,24,5.8,0.74,21,64,Clay Loam,48kg Urea + 55kg MOP + 50kg DAP/acre,48,50,55,0,0
Cotton,Sowing,43,18,39,6.0,0.61,24,64,Black Soil,32kg Urea + 30kg DAP/acre,32,30,0,0,0
Wheat,Sowing,13,40,13,6.1,1.3,31,110,Sandy Loam,33kg MOP + 20kg DAP/acre,0,20,33,0,0
Rice,Vegetative,71,34,22,6.4,0.37,37,54,Black Soil,40kg DAP + 60kg Urea + 40kg MOP/acre,60,40,40,0,0
Rice,Flowering,62,11,36,6.5,0.49,36,78,Black Soil,23kg DAP + 50kg MOP/acre,0,23,50,0,0
Wheat,Flowering,24,46,49,6.1,0.57,22,108,Alluvial,27kg MOP + 53kg DAP + 37kg Urea/acre,37,53,27,0,0
Mustard,Sowing,27,8,34,5.8,0.36,31,45,Black Soil,21kg SSP + 52kg Urea/acre,52,0,0,21,0
Rice,Vegetative,64,27,14,7.5,0.68,37,59,Loamy,48kg MOP/acre,0,0,48,0,0
Rice,Flowering,48,47,8,5.8,1.06,37,39,Sandy Loam,32kg DAP/acre,0,32,0,0,0
Mustard,Sowing,38,25,45,6.6,0.51,27,27,Loamy,25kg Urea + 50kg SSP/acre,25,0,0,50,0
Maize,Vegetative,63,46,12,5.8,0.56,20,119,Clay Loam,26kg MOP + 21kg SSP + 39kg Urea/acre,39,0,26,21,0
Mustard,Flowering,24,44,30,6.7,1.2,38,97,Black Soil,42kg SSP + 49kg Urea/acre,49,0,0,42,0
Mustard,Sowing,12,9,38,7.4,1.12,36,62,Sandy Loam,57kg Urea + 21kg SSP/acre,57,0,0,21,0
Rice,Flowering,20,9,16,7.5,1.27,23,2,Sandy Loam,50kg Urea/acre,50,0,0,0,0
Maize,Vegetative,56,47,30,5.8,0.53,23,117,Sandy Loam,58kg SSP/acre,0,0,0,58,0
Wheat,Flowering,10,19,8,6.3,1.43,28,105,Clay Loam,58kg Urea + 30kg DAP + 52kg MOP/acre,58,30,52,0,0
Rice,Vegetative,24,36,42,5.5,1.08,25,19,Black Soil,28kg MOP/acre,0,0,28,0,0
Wheat,Grain Fill,50,41,11,5.8,1.39,19,38,Loamy,47kg Urea + 31kg MOP + 26kg DAP/acre,47,26,31,0,0
Rice,Flowering,32,27,20,6.1,0.82,38,62,Sandy Loam,47kg Urea + 30kg DAP + 47kg MOP/acre,47,30,47,0,0
Rice,Grain Fill,14,32,30,7.2,1.42,30,67,Clay Loam,42kg MOP/acre,0,0,42,0,0
Rice,Flowering,24,43,8,7.8,0.79,36,71,Loamy,33kg MOP/acre,0,0,33,0,0
Rice,Vegetative,36,18,19,6.6,1.03,26,11,Sandy Loam,28kg Urea/acre,28,0,0,0,0
Wheat,Grain Fill,72,32,34,7.3,0.68,37,62,Alluvial,26kg Urea + 30kg MOP/acre,26,0,30,0,0
Wheat,Flowering,71,13,9,6.2,1.26,35,108,Loamy,28kg DAP + 55kg MOP + 30kg Urea/acre,30,28,55,0,0
Wheat,Flowering,61,18,6,7.2,1.13,23,100,Loamy,20kg Urea + 47kg MOP/acre,20,0,47,0,0
Rice,Vegetative,25,30,32,7.6,0.62,27,85,Loamy,50kg Urea + 36kg DAP + 53kg MOP/acre,50,36,53,0,0
Maize,Grain Fill,36,10,29,6.2,1.09,23,68,Sandy Loam,43kg SSP + 53kg MOP + 29kg Urea/acre,29,0,53,43,0
Wheat,Flowering,46,20,24,5.7,0.96,36,86,Clay Loam,44kg Urea + 31kg MOP/acre,44,0,31,0,0
Cotton,Vegetative,71,8,28,6.1,0.88,33,78,Sandy Loam,47kg DAP + 29kg MOP + 59kg Urea/acre,59,47,29,0,0
Cotton,Flowering,20,9,11,6.7,0.32,21,102,Alluvial,52kg Urea + 30kg MOP/acre,52,0,30,0,0
Cotton,Boll Formation,68,14,22,6.4,1.02,21,63,Clay Loam,28kg Urea/acre,28,0,0,0,0
Rice,Flowering,70,40,43,7.6,0.43,25,32,Black Soil,36kg DAP + 30kg MOP + 43kg Urea/acre,43,36,30,0,0
Cotton,Flowering,58,11,38,6.1,0.37,19,110,Alluvial,26kg MOP/acre,0,0,26,0,0
Maize,Sowing,10,39,41,7.0,0.77,28,25,Alluvial,23kg MOP/acre,0,0,23,0,0
Mustard,Sowing,27,6,25,6.3,0.56,27,76,Sandy Loam,34kg Urea + 54kg SSP/acre,34,0,0,54,0
Rice,Vegetative,66,18,24,6.5,0.9,38,22,Alluvial,47kg MOP/acre,0,0,47,0,0
Cotton,Vegetative,47,40,22,5.9,0.86,24,20,Loamy,26kg Urea + 37kg MOP/acre,26,0,37,0,0
Wheat,Tillering,29,11,35,7.6,1.03,21,53,Sandy Loam,37kg MOP + 44kg DAP + 49kg Urea/acre,49,44,37,0,0
Mustard,Sowing,53,17,30,7.0,1.09,22,8,Black Soil,46kg SSP/acre,0,0,0,46,0
Wheat,Flowering,25,11,9,7.7,0.65,23,0,Sandy Loam,42kg MOP + 45kg Urea/acre,45,0,42,0,0
Mustard,Flowering,17,11,28,5.5,0.92,23,57,Clay Loam,43kg SSP/acre,0,0,0,43,0